id,p_in,mass,F_fric,L,t_arrive,v_max,arrived,n_steps,wall_s
0,797096.9568857262,41.47846443206866,2185.7030929237585,2808.85627681131,119.18567325562749,78.24721043163056,1,643,11.54946604700001
1,586850.6328093172,63.2067507333929,5709.529694600074,985.4382142104732,56.29699533963739,68.0772953477188,1,592,9.631403974999955
2,306824.527974865,107.38297004796738,3343.3015536597495,1473.358596196736,174.09646841933446,47.982866920729556,1,652,9.973485302999961
3,598735.4883691687,98.4183121686327,1865.8198907782512,1176.0490818392893,59.38452979509677,72.9574906105386,1,600,10.108837870000002
4,454958.0117022955,25.243865990617305,2093.633606369288,1012.9551369264536,66.31314690217188,56.171811201355204,1,597,9.194902787000046
5,380955.3171230112,80.2710543472871,2646.3792459661927,2096.5649187641457,172.8994848165385,54.613946089520894,1,654,11.00773239299997
6,362478.16654071247,129.88456158859483,5957.948299971331,1499.8315239777414,161.6800547867191,54.3783480953117,1,643,10.187020425000014
7,772189.008083025,34.76469413602516,5932.73259880071,611.6634241060223,28.466069031800036,74.71479405836956,1,574,8.57599270899999
8,517441.6728014322,146.72818038909804,1773.3111091440323,2806.9635716958296,165.4921202042692,69.58574674510065,1,662,11.46690271600005
9,532207.7526882035,173.83749709735284,5629.0237742380705,1408.9622538666058,88.10465793269788,68.89231903774693,1,595,9.337169472000028
10,661971.4216008675,143.83095065339938,3125.382576138444,1952.6447436869921,94.00527422021922,77.76908435165385,1,625,10.64296660499997
11,461667.49246046523,178.45406525484705,1781.634781699768,2225.8141226771913,143.6174878981687,66.22820730347898,1,644,10.426279438999984
12,639475.0034584808,62.60745315838512,3060.000706134807,2423.0486066548037,121.26894138397788,72.00335505384005,1,632,10.416616318999957
13,733240.8274019214,40.58511822432836,4194.575650933643,1373.9202729576077,61.57038815209229,74.36230683979605,1,611,9.680044175999967
14,452723.9109418936,80.76557936112074,3883.5400230913256,2761.0979612556307,199.31736244378573,60.82460402876627,1,687,11.192149106999977
15,779485.8438755458,123.7156964352219,4218.728953027068,2481.673081317631,109.25405631380346,82.81002648714998,1,643,11.067706378999958
16,394127.1397538457,158.03131647366394,4080.3137910711894,2368.061730392067,202.6706383077298,58.90578713502636,1,688,10.552192362000028
17,493822.4478195631,170.24829364605873,3221.426271747542,794.5825821395206,50.89651318244494,67.328283496565,1,570,8.316125746000012
18,460112.7668667168,72.55060137314499,4922.628440448545,1852.7639081076077,133.48794722690408,60.45445129882193,1,635,9.635023902
19,690543.3894171026,35.047469272844864,1934.176675751221,2162.3696222726676,98.7199963703273,72.10847957641646,1,630,10.297151423999992
20,482565.91266128665,58.102846715293516,4578.353689348723,2722.4347195388164,187.46923796486962,61.309059649036215,1,683,10.959321110000019
21,635367.1445591277,22.46737136163136,1394.4433896107967,2521.3004721913408,122.75969436823111,67.06282070048117,1,634,9.935305248999953
22,586029.7909392049,188.507402985356,4852.674522286822,2247.3218447112395,126.26245545833588,73.32606688027529,1,628,11.271098010000003
23,321964.49517263536,41.771409506619435,1736.1422146988625,2716.8066054110814,269.79123713216376,46.577923762847924,1,724,11.220416320000027
24,373567.83645342046,169.79111233003556,4676.015339214458,2234.761932059425,212.85408706381378,56.94232148951013,1,695,10.75183604
25,646993.3994686864,100.39085033217549,2890.2625387580038,1134.733937010201,55.08039459473024,75.24711017686988,1,595,9.889671197999974
26,375554.80699694937,55.801476563002126,4204.235680752739,1333.5683016852108,120.7529728333518,52.2824958248234,1,625,8.671589590999986
27,520695.0838752665,77.90389472095708,5088.801720847434,2741.5293716738643,177.06266484528297,65.28562503610769,1,664,11.177946899000005
28,518995.41798142256,185.43960073475455,2344.794055515852,2931.3207142919523,176.0373231889804,70.4118594360297,1,669,11.62661758300004
29,397878.06190012675,111.73922564296743,2635.1377458478837,1489.8949659972982,115.31007259847459,57.87765990803524,1,610,10.209697882
30,597243.0015623749,93.4815809411079,3160.8888898373857,702.2468946070361,37.77091060052759,72.02184682135133,1,579,8.588129305999985
31,382275.68140472163,117.34012561928614,2459.00106759744,2141.751830042823,174.52509325173324,56.71016319454783,1,656,11.784368068000049
32,530689.6900248288,52.51419073385848,2967.9185156266394,1588.749538006243,91.60483247168835,64.56588668009448,1,621,10.60268559399998
33,366476.1068156151,93.84240528489805,5326.223726988605,999.9122928037318,101.60809091365928,53.25050558364047,1,587,8.453875235999988
34,453878.03137442964,62.78951597130812,3724.7481905596132,1938.1433461541446,135.4807441383398,59.623949006448996,1,639,10.33722030399997
35,361933.3397455091,97.67949652464029,4300.478258038654,2059.3395074908613,200.19378486568644,53.4952667858402,1,681,9.80454148399997
36,457328.08507611003,44.0183759702207,1651.295623097365,1890.3051061443402,121.26280382585523,58.743016705474126,1,621,9.573188829000003
37,434277.76041514997,46.85555357787929,4262.874677506197,1454.2455354929239,108.75008532132745,56.2240016292068,1,613,9.169541655000046
38,509122.8853161549,149.44657460640457,1376.0878789143426,2651.2606150267698,155.98760241918689,69.32620407172766,1,654,10.984999227000003
39,489014.4355508931,94.032775270393,4455.946195274716,2812.42827887724,190.67913160179037,64.10551645813912,1,681,11.727389956000025
40,304532.5069646493,117.77710441211572,2690.536815454655,1796.0099517070146,204.2882719369351,47.78564350176797,1,653,9.795127381999976
41,641880.8827158527,124.29728305985347,2609.00161736052,2019.9682635689835,98.74045991527402,76.2662357433419,1,624,10.852512631000025
42,403602.20085167483,91.18227401367301,1928.531401245076,2924.942087964493,222.9321308214885,57.79266166157915,1,699,11.660788901999979
43,532880.0268534096,65.98694178060182,2706.4260937109075,1469.0580360792603,83.72245124592655,66.1459191987699,1,616,10.03435523799999
44,336588.38687692076,67.6328806130307,3000.833251798039,2027.889969155935,202.04800498768077,49.347150520867324,1,685,9.254304257000001
45,697007.0826993242,57.13719939208367,2603.701089535489,1744.9387344160355,79.28265824789008,74.98670367516264,1,619,10.693029072000002
46,556329.2212060684,164.37061688096895,5150.971863624049,1676.5597435843788,98.76098284051493,71.25652611847751,1,623,9.95875750800002
47,439425.5464528084,175.55808785712907,5492.793744995894,706.7654977884397,57.40240577220657,61.70067095580597,1,582,8.282616798999982
48,762213.2631289142,61.30830726002695,1575.7439667951962,1068.541275737855,44.48134002277347,79.48910554657299,1,596,9.938976678000017
49,428769.70554498397,140.77319820407575,5952.335117956041,1898.8064474119228,157.4189758299138,60.94757651569615,1,644,10.652950197999985
50,460940.4578167376,153.48472498970622,1026.9173754907513,1426.3696249901875,88.64601414882982,65.926870769877,1,611,9.674583491999954
51,666912.3567017629,120.18255679169263,1098.9859829401037,2612.77823587072,122.59748718921477,78.531660832028,1,641,10.715325924000012
52,542983.2057656704,153.05978555739736,4594.659519725824,1782.3803207337658,105.95146094874245,70.34614513473893,1,627,10.256333490999964
53,799846.3264218,172.91578090044183,1356.035329772186,1774.0808307541708,71.67010132339347,86.9175116945709,1,622,11.42196697899999
54,606053.0324988021,94.73496048514298,1639.0187496076423,2271.5477761775965,114.58332435836053,73.33784475105662,1,635,11.577279034000014
55,755153.1163909377,177.71085364897957,3064.1318137479725,1677.0937567036653,72.48914866498632,83.71498707834155,1,615,12.18723487699998
56,330548.88751778303,150.17466843495976,5707.501080835491,2559.403084452589,328.74954283119695,51.71765691004632,1,788,12.802037269999971
57,527204.634529476,33.81682841126902,1829.6896954072008,909.9264833872451,51.54832345418561,62.338434919453896,1,586,10.242855586000019
58,577718.2831445052,122.85032667756587,3869.74597521846,1227.67553493995,67.30466490601762,71.88643397661836,1,608,10.10532944299996
59,612717.3987680344,87.90575781405325,3769.0935632001774,2534.195600012439,134.14791047563628,71.85320582660978,1,633,11.993328424000026
60,571669.6702962441,53.84088142169457,3667.441225061797,2467.1893477284652,138.1414160632321,66.64855011910707,1,633,12.186586363000004
61,350303.06475330767,47.175087674338954,2103.0530218666254,2152.2593401181784,192.24070424389015,49.30376815318915,1,661,10.895031433000042
62,741250.6276589176,180.77437111454273,1533.4466844186156,2865.8942668009527,127.05912780943724,84.06092278187401,1,645,12.215225363000002
63,312727.7716291721,127.65444442872118,2490.4872125923266,589.4384066144482,65.43983341102172,46.1838901215324,1,581,8.723169866999967
64,710141.1009512123,157.87853837788654,3661.026470331114,1978.4829474470907,91.13245547741907,80.48291989672776,1,627,11.985700768999948
65,795272.174427544,28.633169916489013,1212.9974255851994,2784.062031027034,116.40700246588092,76.47102534139597,1,643,13.199902514999962
66,409291.56117500964,49.03108352293484,4297.809845520477,960.9476407877229,78.27169076693936,54.70290063740937,1,599,9.522976485000015
67,345295.7768741036,33.286451318552984,2138.0354199295057,2680.0975328040927,247.72477335778507,48.412572559865175,1,706,11.427369327999997
68,553035.8600518252,192.08245248169234,2717.8406574861574,2329.2552674737226,130.80555630988198,72.69853583436405,1,633,11.545979627000008
69,431293.8530023446,113.18336196513232,4093.2691927520414,2369.8033398968373,180.6574706290396,60.03067887632836,1,650,11.914114555000026
70,471505.01918306714,60.10358505580404,2259.7173471453507,1245.194663169876,78.80073412508881,61.37997009956551,1,608,10.446542762000036
71,758022.1287294286,92.16165040518989,5207.313429846711,2233.178407159771,101.18048189598045,79.02521482690946,1,624,11.588664031999997
72,391135.5746548326,86.71030624227282,2201.2810880477805,1392.1078389751342,107.66500118740555,56.24340300783626,1,597,9.221295765999969
73,650057.8139469093,154.5571686684856,4016.58788498771,1604.2205648310476,79.45032219438802,76.81052930246037,1,612,10.790607628999965
74,674631.0994764718,129.16251591007807,5486.311711224836,2743.682756630786,140.1103650056473,77.00083655194415,1,648,11.40327600300003
75,684016.1566503246,174.76273938843943,4172.799476646556,2124.945296653114,102.3020767399811,79.13634714508554,1,626,11.465914182999995
76,473186.4829660596,184.64107094491257,4243.191619260766,697.5401412644726,49.18584235564619,64.43611563535221,1,558,8.051075492999985
77,355179.64360192243,194.14591028619736,5542.477867122894,1633.0119639669429,177.41062916905543,55.34377023659152,1,662,9.935418609999942
78,668282.6385072855,46.205919806429655,5343.335442693644,2502.5865555214905,127.12412032660252,70.97875107463835,1,641,11.619348669999908
79,662785.0276309793,22.02548645818143,2082.3317194263745,1296.3505464357104,60.275736299124404,68.16292122953168,1,608,9.90843802300003
80,702372.0399849706,145.58990172754767,4559.012606115349,1317.1714046545,61.81504717506366,79.03464929977136,1,601,11.237351430000103
81,483193.41500863567,112.03466812107565,4986.120062861946,2086.412606630516,143.04761890061098,63.61913904254321,1,622,10.884176554999954
82,451820.83259287104,80.56635690684178,5063.577744905306,595.3753669495164,46.26030689568263,59.91324123506079,1,567,9.088871347999998
83,755619.386054755,134.68472395030975,1422.0607474053727,1797.6370009979157,75.59907366290332,83.59352761634584,1,622,10.764974496000036
84,429926.84942443855,128.3528787490941,4053.19620600905,1769.4771545280744,133.38417257189056,60.57037909212133,1,616,10.19816787700006
85,700663.5323615094,158.19600239344055,2009.2239678762685,2132.331992290514,96.61729239845477,81.09323313851895,1,632,10.981215404999944
86,620936.4429964388,182.61058358305084,2669.645945670636,1625.9485255621569,81.28348188890378,76.78818046400674,1,617,11.279902114999913
87,682623.018542032,32.435217145289855,2764.491033076738,518.57195652272,25.402551950200206,71.01748358918888,1,563,8.612907843000016
88,356488.4995296366,21.779942319190628,4588.723191130914,755.6821854787956,77.28635238543808,47.234136412544665,1,587,8.23294518299997
89,414027.75123845646,110.05559377081204,4957.752667572497,1986.1554098402976,164.65714330009203,58.607430500466236,1,651,10.366345674000058
90,530822.125972546,158.70530454472276,3799.09920333923,772.7395807234201,47.01654840899121,69.33495568845322,1,568,8.722309308000035
91,545647.7974730458,183.82253923978112,4624.8129121835245,2339.726033025736,140.38563536316693,71.29092231589615,1,647,11.577620999000032
92,681281.8171089783,151.28968310996143,4101.8266757917645,1372.0364040734225,65.40696838441185,78.38184342132026,1,602,10.405027055999994
93,307412.1599863292,119.88215508240496,5006.479910395193,1945.5854485671455,269.5719981016597,48.20692808216535,1,732,9.994575685000086
94,300049.1327204802,138.95565734354494,5427.820616747867,2574.116593428164,400.0390674896626,45.62640567135941,1,839,11.604791298999999
95,693420.7745651901,180.07922277287548,5693.997680816082,994.3101170610595,48.839937356178105,78.70559928929721,1,579,9.002767886000015
96,685095.1080973225,157.35754818755942,3017.5556904922796,1642.4954051538314,76.35165616796888,79.5435345072119,1,616,10.829328342000053
97,645293.4780175253,151.02600605807024,1918.1763547385292,818.7618396987111,39.672836968760684,77.8926738824442,1,582,9.905556537999928
98,689547.4938461775,75.47154254504773,4346.059210108549,2063.637238608301,98.68908736054436,75.56309768468384,1,632,10.793654250000031
99,789365.0772990797,39.85666980836625,4165.703476293857,1352.1449456651235,57.159869638355765,76.29329840672568,1,598,10.822077407000052
100,588998.5173911981,155.71489301354953,5078.60543049668,561.1131214961688,33.18693733676009,71.78452933106978,1,568,8.63781389899998
101,371540.7425708942,80.95652922403787,1051.6622427856612,1208.3196285397657,93.90479741642778,54.57931290078545,1,604,9.23919957999999
102,538379.6772831759,193.07717099771483,3541.033194337642,539.80721147862,33.41190757025979,67.81125630966605,1,549,8.039651822999986
103,386853.5071330891,120.2746676741517,4138.238465359966,1049.0737382383031,91.29614003603126,56.845665382842995,1,600,10.106658669000012
104,534505.3677883333,192.3079719548852,1336.9368905599008,919.574468357189,51.127553448884385,72.27077676858617,1,589,9.816761702999997
105,396418.2545851327,43.52844724940147,2323.0351551220865,1292.109008011483,98.79212685248457,53.45776789503898,1,611,11.207729545000007
106,523380.0575556556,27.531897344685085,1959.7034398413277,1412.1176582964497,79.94903134493774,61.16205084182663,1,613,12.20500076999997
107,580725.2061998821,88.17819462514538,1031.3246505371362,716.2611215419063,37.19992991962114,71.74802346363568,1,576,12.952211582000018
108,653309.1378584779,197.55255932406465,3053.537297695792,1383.8392995741574,66.8791073144243,78.75356430726097,1,609,14.37807055899998
109,726057.7510159188,46.444899110408095,4786.5754759359315,2101.423031367014,97.25805255859359,74.32639141850441,1,632,12.458187963
110,430114.5145386447,189.15701794055477,1509.733683908191,2045.4113788812735,139.80890106616155,63.99546656727843,1,640,11.48378220099994
111,715176.3394220632,121.15725716075286,5030.921501654626,2959.186370746242,143.88384481170223,79.08900620342706,1,654,11.306469716000038
112,616111.9228346221,114.81394520832774,4091.981918833999,2511.9840549562814,133.32095496273084,73.84935410070905,1,645,11.440284660999964
113,351761.8628576149,172.81359536560606,3360.832915339814,2541.6017952735374,246.00579521327205,55.28555010843903,1,723,11.053706096999917
114,681553.8252464968,158.88839859131917,3332.4301465512203,1236.0138140688161,58.06345844266443,79.19906075357986,1,603,11.050704949999954
115,526482.7591154164,126.57519469870815,5523.492119588015,1129.6102206441742,71.51865146123339,67.70875792107765,1,601,10.013743688999966
116,310324.6021416865,24.236985123036874,2156.5443603442673,1450.2284830396327,152.54707579003792,44.744660464055436,1,640,10.58598916099993
117,721424.2777000614,45.059225395507,1889.1997354558403,928.9455048866052,40.68018680231408,75.29917237294619,1,587,10.066891291000047
118,657600.6019029248,72.0244045695737,3782.476341955529,1194.9819053701508,58.2328274132005,73.84787604355479,1,606,10.623020352999902
119,393516.9975279374,57.4923419100514,2233.5797760198593,2148.4161119362093,167.08984227157322,54.588692422758676,1,662,12.389308961999973
120,774300.9360696702,153.9705028695301,3733.9361057814695,1206.472919571857,51.678008519526884,83.5245811857536,1,600,12.793997977999993
121,770741.4924351713,111.5456738339258,3588.660517883922,2195.2861812761375,95.4171629380665,81.84119189022506,1,628,15.146263322999971
122,656482.7246668291,75.78178624295731,2709.984598606843,524.4309673761492,26.52553497397402,73.97834714622705,1,552,12.980045518999987
123,651036.5899565222,42.3432022348795,2593.942829061646,782.503290832309,38.09886799865128,70.96260412211348,1,584,11.280257540999969
124,638898.9090806309,30.90356577450863,4974.148789734998,2771.1048490592043,146.56960051590136,67.31659964450598,1,649,12.481356485999981
125,367894.8417780906,196.70838073906114,1277.5303292515755,2444.216796441603,198.52232949110947,58.33043644059927,1,684,11.322015774999954
126,344215.1729886611,156.02465127086538,2512.96576390966,2954.4716062986727,282.8536120051966,53.99589993134538,1,738,13.203864384999974
127,628081.4295026788,58.46022429172255,4407.138006560977,1131.37694918831,58.2585178844243,70.67792446273876,1,603,11.10231575499995
128,794572.6400639178,75.02998452537838,5605.122076611527,964.7192521338784,42.05020859288422,79.35960642888766,1,579,11.117783283999984
129,742835.4666386138,131.67125436613765,1461.4255165879995,1754.510871444151,74.65728209742764,82.80816831137217,1,621,12.73638211900004
130,497033.4245972504,84.97383525665465,2568.0491315456875,2609.227536892519,162.32065833440382,64.75600593006621,1,648,13.785437229999957
131,379138.71341856546,130.66817617693218,5400.3197755315305,807.7097520285245,79.24914792603784,55.98360596934098,1,578,9.695676388000038
132,453252.2270066503,56.19081065879117,3594.710268852569,1278.0561293635228,88.5291529571767,59.127948096061246,1,609,11.474191210000072
133,496624.7371575664,147.20713853196077,5230.686710423264,2406.8882397746065,162.92722745470675,66.72728448931994,1,659,11.376447106
134,476519.16284387134,102.20080733112847,4144.877639477872,1746.7834450363453,117.1815849758856,63.826765246432736,1,627,10.123248332000003
135,373854.51307485875,43.66142385069982,5162.776386685525,2692.344916675668,266.44175297544876,50.74946270673909,1,743,11.257697747999941
136,735275.6954703317,105.99894736863726,3520.057132955062,2668.9228873705915,122.06622233373062,79.84991151719352,1,638,11.358048123999993
137,774803.5921747732,87.17218426935682,1496.38979281392,1226.3435654853338,50.33156122122512,82.23877614187796,1,603,9.808447460000025
138,407553.1333444378,189.22572515078753,2145.810391623275,1276.027491211755,94.15690076645745,61.5968438970915,1,606,10.328772966000088
139,793621.492822835,150.8488683728734,3118.5658063614246,1813.4873462467283,75.79208372790181,84.80798277903766,1,623,10.813873040999965
140,369935.2958964947,140.67098439733843,5439.664704732595,2455.2400434596984,250.4321118653379,55.3736678686938,1,716,11.609036511999989
141,550269.8853460506,113.9682514062104,1563.3622844689266,2145.930351993379,116.66138455299176,70.7754912132428,1,631,10.889983069999971
142,581256.4550885134,149.727515479466,2020.4734116669435,2550.598158179665,135.66467089715357,73.8579619691253,1,643,11.801567366999961
143,370398.02114724054,171.8179185136882,5154.984496023992,1521.135417373448,149.65022491356748,56.628002625313876,1,632,10.274762854999949
144,568531.1136585604,73.8374118318513,2570.382505393587,2914.0746507861863,162.00462560054876,68.94565768491161,1,655,11.739811796000026
145,745770.1408011296,134.22207078864488,3560.7309252623377,2775.3901826665324,126.28194827508435,81.55870680243605,1,642,11.721340261000023
146,348525.12486726796,84.07146184112976,1483.2499493658695,2048.696709093809,177.57224771910535,52.10561519637545,1,661,10.52637307200007
147,479083.3823002594,139.3469720558096,1077.4810733961228,1179.0453564297814,70.91312583381598,66.89175044506001,1,602,9.81916795699999
148,383609.58840583015,45.311190931568625,2553.7898887977462,2848.9306842053816,236.46513025903926,52.13528277648546,1,698,11.179844346000095
149,597920.743487924,112.87064837053465,2623.2168773265957,2036.075547270546,105.57163862018992,73.10478112338289,1,626,10.47421044600003
150,489632.6877895171,196.46606482865673,4546.897477907969,2285.68963097416,152.9648848871649,67.0324833424589,1,631,10.637578397000084
151,421566.7605972697,116.70652164502636,5793.332296628754,2780.330368956986,239.257880709982,59.55221382869482,1,709,11.404761210999936
152,614051.9896130818,166.92428312936164,2480.360739981452,2974.407298425068,155.25543682624937,76.08860245305982,1,653,11.440379330000042
153,756946.2960640726,156.25042453129586,2251.629013496247,2389.485563471392,103.67658280402995,83.77042529942374,1,637,11.299482684000054
154,652500.0126631267,77.78097120763638,5099.047155577968,1165.2271270758242,58.95432924881967,73.26283100324521,1,604,9.175878919999946
155,554017.428363439,182.41823699457376,3700.111229465424,1740.5193328607936,98.88747591102586,71.88485061507502,1,607,10.365338002000044
156,713863.1407853279,64.19371741477703,4124.663983457231,2526.5968489526467,118.78991471527927,76.06249572961168,1,643,10.885393324999995
157,601111.183299894,147.71635267437318,4946.733064098308,616.0669881130099,35.144037105507536,72.13205809120849,1,558,7.931767970999999
158,555356.1763636915,128.17371319779198,4238.086934828356,2707.271991188021,159.6391444800937,69.87159298808099,1,642,11.509703491999971
159,787172.841824102,25.894790037944453,1817.1252255172953,2646.6713209690165,111.81002552918414,75.2604105864498,1,643,10.985492626999985
160,558661.9757934796,176.79360478987817,3138.084894539821,1256.7902494213795,69.73825250180184,72.41515767391894,1,601,10.124536024999998
161,387213.92478971137,142.71621145410387,2546.119229808157,1113.405271761091,88.98047292372463,58.10999930001279,1,594,8.45135563100007
162,353325.16353895044,125.2225702891644,4273.835726480358,2861.9398658408318,293.83338005389436,53.62722279787344,1,762,11.724972076999961
163,763329.5286085724,191.90341768399242,2193.4401451566773,1090.9691099099634,46.14210253240049,85.01229577754657,1,598,9.971018196000045
164,380112.81179142767,137.05567714276708,2664.689844223976,2967.7040766625087,251.66266126254985,57.480123753313,1,731,11.256658301000016
165,655173.2114994192,184.8006455981678,1206.2492793696963,1188.1353400337084,55.179939365571194,79.78664903106171,1,601,9.723705033999977
166,579736.9792780417,165.18588454373003,3678.404372261721,2065.389448576666,113.10940116468485,73.14495513575831,1,628,11.195338586999924
167,478233.56764845294,107.11780069045595,3375.870605553618,520.8658771937576,35.955174861205535,61.51855386811639,1,547,7.747263758000031
168,328463.39997133624,86.2674483356589,3087.7291319968203,2660.029349642609,280.7898852941,49.51642892934888,1,751,10.986287869999956
169,581603.6163382418,84.66239232722543,1414.3510237437456,2998.5946982184646,159.5713674611345,71.31628566607124,1,658,11.063334274999988
170,692256.0256393478,119.63637503571697,4422.941009376924,2498.2566157057686,121.03968357223482,77.57722403920185,1,631,10.679618550999976
171,543358.0459500371,142.02801131811046,4965.997063296114,1988.6184258736746,119.86749074434374,69.84305404042895,1,633,10.205106053999998
172,791729.25913725,104.3117627774614,3236.27276249914,2881.1653969277963,125.39502255177852,82.80310959148002,1,638,11.526028253999925
173,422896.07914086105,58.95605893616462,1177.6225783505927,2478.732530556596,171.8725857144801,57.67645368807123,1,663,10.311079021999944
174,339428.9861927554,118.42102451853927,4041.1273906999268,2433.4639104172506,259.5834777223239,52.11458876995926,1,727,11.836433134000004
175,494429.7137987487,139.8183867346302,1383.4196802762813,2435.098790902728,146.10588873259317,67.90417338387411,1,647,10.857516697000051
176,334397.5023590384,140.30604909077755,4893.907889037374,1581.600676502401,182.1431620752434,52.00430340016858,1,663,10.118095763999918
177,610432.0105703198,33.991190283775985,4930.809986546654,728.1746250885423,39.97833346467333,66.62609930407244,1,585,9.691290975000015
178,663988.7396591401,24.45775428544698,2801.6339243366974,1214.672387134794,57.31704289487812,68.49024817726931,1,605,9.741795858999922
179,371106.02251250955,174.4948600795129,3964.208291334123,846.3255791223546,78.39676839672863,55.706880212122734,1,564,7.153163484999936
180,601913.2830274615,20.433946078898156,3753.570440373707,2119.385482606426,112.26894609136149,63.94853939142363,1,638,10.239224939999986
181,712997.6902429768,190.57323963570022,3367.3379491422697,1857.4402675618524,84.63720808341127,81.62627510170293,1,623,11.256525346999979
182,726572.9862750679,101.27246799349803,2174.5186926997803,872.8809212208658,38.49421319197317,80.17696740206446,1,586,9.435662323999964
183,640683.384332116,24.87813724917202,3461.072858070565,1220.3915779784234,60.185084678230744,66.98803664436589,1,606,9.476090619000047
184,375225.3688142117,51.7625032578753,2504.660570944784,2213.782270642042,185.19313548629768,51.980726234514854,1,659,10.690405521000002
185,629998.7225325578,91.96896512803113,3270.2864264327623,2973.0721805288003,154.51087589275403,73.87249415566097,1,659,11.298817599000017
186,574224.4866493747,151.67983021358262,3620.514660299918,1544.4948960763597,84.47059271352926,72.43611164083086,1,613,10.692244524999978
187,760938.014509595,168.19782051212508,2213.3819342814213,721.8365752270472,31.30588448727047,84.28779634464917,1,577,8.994460988000014
188,450582.70549767057,154.7286532121551,2471.6672434026245,891.4297966328329,60.508788997491656,64.19012762216894,1,586,8.523158843999909
189,305899.43404457317,170.9423550289753,3776.549467001177,2625.150886133694,330.26735856996527,48.99437835085448,1,756,11.112382083000057
190,750221.8784295409,27.43525888910716,4061.1740459999583,1011.0069024167749,44.607637302786706,72.8911019541356,1,596,8.794384422000007
191,578523.9821588226,82.85897421426492,2413.9359848091435,2892.1873711042244,157.6916048456645,70.33617343793004,1,651,11.158838117999949
192,720684.1311787984,197.05903558216448,2051.987393009699,1436.2722613444973,63.008826108280765,83.05996865810067,1,612,10.053232203999983
193,519546.0035517183,94.2570794462213,4838.4250662083705,2208.2562713102216,139.50863246040674,66.1678997573072,1,643,10.527538176000007
194,499523.75454890233,131.27800949615556,3386.362020091267,2712.094263300806,173.00968287245408,66.66410206113835,1,651,11.380983690999983
195,419804.4127048045,181.19171867298078,3627.273404382318,528.4483674833334,43.001352034088704,56.6808874471382,1,552,7.752254827000002
196,438473.3465126018,190.20757462437683,3147.59108195523,837.2369264698905,60.474934010147855,63.32793964271596,1,581,8.710540605000006
197,343231.37421366037,30.633642914776498,2121.412648498266,1052.2537457931185,95.63170107347571,47.483599803994984,1,581,8.153633414999945
198,754371.049512028,119.11683152191621,4607.462809460772,1706.359697479203,75.77631445653984,80.62246733109403,1,608,11.111586042999988
199,596908.4352709097,127.95417262097735,3240.575512916532,2220.353495247371,117.62811573862072,73.25511235750025,1,625,11.665451706999988
200,412508.78431810974,60.89678835261016,3885.461388791402,2201.5621901998907,174.82141420311245,55.8679930858675,1,663,10.436350841000035
201,372979.979737118,63.71404713990462,1579.28388133131,2530.1040617829153,205.3261452289194,53.23904320767527,1,680,10.804520758999956
202,348071.31330647535,135.20227783743513,5376.892249194359,2684.551616146548,304.41757909523085,53.4037730060932,1,764,11.563522333000037
203,603082.2426292842,197.34579232285515,5722.100692496011,1269.6257607701766,70.32092304442413,74.68219908789945,1,609,9.937482648000014
204,395476.6305383633,120.92843680867686,1587.5246766933788,1906.6415877249965,142.54276918886606,58.678844832263245,1,640,10.727966110000011
205,558422.677156637,138.081504354461,5620.809575436902,858.9860728974602,52.110451902007156,70.4143900608689,1,586,9.406001704999994
206,358587.5037101211,82.02574015706986,2533.8791248101097,1983.7258440781275,175.48763555299473,52.802508244215275,1,667,10.224010814000053
207,475481.6242323817,130.4220621366444,2972.2248451289583,1994.024842922732,129.26958623246708,65.11719107657225,1,618,10.725169427999958
208,486618.3334614929,191.22773578854162,3171.340233579112,1567.0502392487715,99.35839617635631,67.62825691020642,1,606,10.481920424000009
209,417878.1367406271,165.66613065587887,1304.467135477686,2024.943911338902,141.38430534559356,62.42257908872607,1,641,10.600289928000052
210,481528.8693246606,123.34879209209866,1249.8443840996463,1140.7386098832285,68.68127742252908,66.37345740593099,1,600,9.707271761000015
211,695312.2523360851,181.4767105293822,2658.4999443073802,916.605455391503,42.30555039186553,80.99798499773502,1,589,10.035488650999923
212,501423.5583412553,137.14910933335787,5252.473524909063,2295.386376950387,153.25833228554268,65.82548712720535,1,632,11.532923658999948
213,320877.7054918787,187.00882324008379,1329.1373276344361,2375.116150430097,229.32504679642142,52.71489396553337,1,706,11.38320455400003
214,413281.9269964901,147.41829871986778,5966.314979268944,1086.4730019736562,95.00502992581941,59.51639617297578,1,599,9.836078007999959
215,764044.8335303694,52.751377729542305,1240.1310759228763,1020.8848699283019,42.19834708232043,78.86220253126581,1,593,9.378460779999955
216,766842.6037716886,141.31889970406456,5508.726365082146,2631.5457790930063,120.64518762542278,82.12054310234943,1,646,11.57131872299999
217,713769.3365560302,173.35878226757742,2825.0492279607106,2476.8340765593002,113.6808751951473,81.64876529445553,1,640,11.223549545999958
218,480015.98105099436,87.4647907039015,1963.697595894686,1561.9708804288923,96.18984352425458,64.0302786909847,1,614,10.139693225999963
219,661234.9000860384,77.23470177238778,2795.317375931552,1070.8423485625076,50.991012559076296,74.6712026247161,1,589,9.684139933999973
220,630454.5077095195,49.464123913759714,1946.650912541796,894.3552297822055,43.693335727180994,70.85793450439037,1,582,9.848874645000024
221,788310.1983224995,112.664773727817,3466.1991770569757,2564.880351180668,110.94617653271943,82.83491428234589,1,634,10.968670816999975
222,513720.8680764965,74.08735204121406,4512.773248044547,930.9426984928623,58.93459304977906,64.85371301024198,1,590,9.482486343999994
223,773658.7717343397,90.86491321397096,4724.973041823075,1946.6113998003157,85.34755048416581,80.59576232141023,1,631,10.61384266999994
224,732093.7589562527,83.91326791031356,5790.878722039453,1924.9153373024365,89.85880864901675,77.57658910679287,1,629,10.663464853999926
225,751178.1410451948,86.11277050588643,3322.7294375616198,2159.6865717679757,95.07777034120357,79.65919928713316,1,624,10.889076055999908
226,572338.9751172033,149.97314852902235,2426.9576418720876,2276.4973381768095,122.83393658747417,73.0211737279309,1,634,10.398945943000058
227,786728.8951611158,79.73375490627167,1609.5015111337905,546.6280353951361,23.40120766198399,82.18714891904621,1,562,8.902443339000001
228,560075.6601126413,105.01965792386902,5553.98179474535,2938.642311027815,179.80887537470215,69.0065809065127,1,674,11.147858996999958
229,769175.5214303825,142.36184179005076,1313.0425651809537,1470.9503913305211,60.65719566030761,84.61933265057667,1,612,9.803738796000061
230,688386.9400856112,164.5965485347625,1979.8711063147898,1651.7601369142224,74.97890274367039,80.6364100029991,1,619,10.105393087000039
231,728334.3759051021,49.28371386862764,4706.459138269367,1962.107949393097,90.09915436118858,74.89727516154029,1,628,10.637604683000063
232,568012.1324153375,50.5348872354561,5890.030516439154,1602.418259088122,94.09135288999468,65.9903139418791,1,625,9.714002197000013
233,559688.5731042873,97.88184200782473,1401.751130864042,1691.5122556634076,89.35728452244291,70.70401805223008,1,620,10.519973612000058
234,495429.5854948169,188.33581852193868,5408.491368596741,2622.69078597827,180.40298060103098,67.48532105171502,1,674,11.050432496999974
235,357488.8155298836,155.18097517462735,5737.0808302127225,652.2555079565001,73.80962823036774,52.95580496672074,1,584,8.630528992999984
236,329653.95438465837,152.57823597670125,2948.3827292204924,1308.2640975022991,133.16823205388326,52.422212868435935,1,627,9.495930585999986
237,547788.7883539572,65.59834155964218,4872.839612351632,879.8138215235936,52.89344572748345,66.15850951315342,1,590,9.028761937000013
238,410580.9257680383,140.13996041336407,4615.846007609173,2400.430812197671,199.89923202038986,59.52710404306464,1,686,10.767534646999934
239,649402.0317589787,45.61049373256647,5803.918400649909,2674.885593591606,141.66644889388894,70.08538899487716,1,645,10.68966908799996
240,488048.7938357099,123.17196714577602,4368.217270516216,2757.208985181275,186.5042963673461,65.45488279945445,1,679,11.371553160999952
241,535421.3463724264,159.15882225119148,5638.821495962267,726.2939350857303,46.72331426982457,68.15199719328062,1,559,7.532635417000051
242,699573.5257292001,109.9424782990719,3036.513964568257,2315.2690208509184,107.59816421406165,78.53129669948055,1,630,10.709648196999979
243,694523.8820686613,26.392257364041146,1559.0651308347515,1082.2764261080208,48.15314410402332,70.92927687506828,1,591,9.041575157000011
244,590411.5275907775,59.76602888593207,2326.6777992973375,2710.818311751479,143.97836578300613,69.29899260091045,1,639,10.678560062999964
245,313854.92007806187,26.14262243635893,1709.6798874405267,2871.2740027037926,296.1200362841092,45.60343710319162,1,763,11.187262409000027
246,448343.9406752874,103.098892531555,1428.1431764047559,2572.8842050396274,170.34731097665892,62.67631576890022,1,664,11.263553666999996
247,327428.92024860723,37.503073437708835,3479.825317346245,2854.8044669817505,312.7341333666418,46.34640097458508,1,769,11.575523943000007
248,784774.1266277982,40.43361256923923,4792.893974491591,2790.6231169118446,124.76025658072088,76.33983011419542,1,647,11.764258029000075
249,607200.7587313353,67.6301298783606,5907.743319242991,1598.9196292847532,87.93403656053813,69.63042839816663,1,616,9.77616392099992
250,766106.1053026614,83.28848128080527,1845.1613072524458,2268.644897268625,96.39282916727318,81.29244121359007,1,633,11.486395805999905
251,415667.4747592075,113.76811241464208,4285.216519614192,1044.9263211745842,83.29275786703789,59.21142115263955,1,600,9.606812834999914
252,410979.86143970466,53.103080157803255,1071.8465284528518,2843.8473255510926,204.53858285154274,56.140969522897336,1,688,10.884482486000024
253,625020.9354055701,187.82921385071938,5366.594510440347,2637.779863456734,143.20684139216775,75.33971074449644,1,639,11.278033331000074
254,564093.7737993232,171.51956713686857,1130.4595866158468,1202.1167973522206,62.782736635410025,73.9132427123594,1,602,9.535397568999997
255,632390.3940848559,98.99241330552906,3900.063017565403,2794.1099468784723,145.79390456382652,73.57730080947677,1,640,10.366473327999984
256,437953.84944707603,35.70085161445411,4323.480495387184,940.898709659398,70.50367377377347,55.23144922473494,1,586,9.281748812000046
257,707893.4532979333,32.90374578962856,5903.370623614899,1158.770067172994,55.449259534014374,71.2326837717938,1,607,8.934175679999953
258,592685.4352678836,39.13342224793275,2404.4669154774783,1074.4343392379103,55.435034948810404,67.22653137363925,1,600,9.526967744999979
259,758967.4135128461,36.77927969187449,1350.461153013588,1111.0545883911066,46.09798533911596,76.2755205856993,1,596,9.302059664000012
260,437621.75101610844,48.33823355974397,5479.572940474284,1901.2965010991918,149.58602224282328,56.80229474444903,1,649,10.294810804000008
261,605369.4104266595,164.1864947204909,5190.786078098006,966.2378791440615,53.086598017833545,73.7094357145515,1,584,9.602529607000065
262,550876.4381527723,45.962457741691225,5679.478083393477,1695.6562969097758,102.21173173808998,64.42394963303866,1,628,10.35559678300001
263,678249.8826726141,132.39237260104306,4643.972917180006,1016.6356286640413,49.613285603472264,77.8172668134464,1,598,10.301511116000029
264,729299.7485306268,91.11314764088254,1018.9070843465329,2504.994649610602,109.613167050061,80.46965551965357,1,638,11.065848414000016
265,616190.0596396264,195.1233678662774,2113.4222543767128,2820.6712378580237,144.8314359405241,77.13596937522561,1,650,11.516643624999915
266,509753.4683371707,76.77584136873153,4650.771722037203,1101.2098933816883,70.04887995104056,64.54785560648264,1,600,9.368604900999912
267,400751.3633981948,194.9045983687627,2054.8068645129038,1293.8068175214107,96.9129401172788,61.1374129067059,1,608,9.393332718999886
268,708889.2747027723,187.5562019232332,5131.89242787579,1394.914555100681,65.80019525641154,80.59991482133223,1,614,10.246893382000053
269,728811.8858445836,166.6335871290821,3418.213826922193,602.561110511697,28.181054571494084,81.12860990269401,1,566,8.942231970000194
270,423658.3038455647,146.02418318408309,5839.047119234627,2839.064142747069,243.65388193392926,60.70063954580569,1,715,11.694071868000037
271,398478.3042840273,128.90138696209178,3801.8102520879847,2320.143884261682,192.64474022511035,58.54882192006954,1,681,10.249323528000104
272,575014.9172069675,51.996674776903745,4805.844413260392,805.2122338678489,46.29467273718149,66.50708068876604,1,583,9.126781423000011
273,365931.2922029982,148.97476074808242,3526.2618355838767,2594.5769908145194,239.9634651510677,56.122144776695876,1,718,10.72669095099991
274,468293.1872240041,110.88170756459151,4839.534077543889,841.6626941550854,60.18960485735598,63.424954006247354,1,588,8.995783270999937
275,487686.5330516923,174.9838409317919,1216.9422243409172,535.2339466683295,33.57410765774594,64.8755512689907,1,562,8.335144905000107
276,654508.9776383722,70.18556851967239,5022.186891020696,1125.4228361917058,56.729291166454416,72.89566697075618,1,602,9.443570812999951
277,449231.8388346062,183.05435946433604,2383.431049364787,2440.6815371825123,166.43950819009407,64.94674306156969,1,658,10.993780919999836
278,338754.1011338693,82.32627362948557,1969.378298880515,2461.270612936187,229.95194117390844,50.65457887240164,1,698,11.09523593899985
279,459124.6172943477,168.48871871492113,2436.3797526748394,1004.2890420788217,66.394878365388,65.36049270283527,1,592,8.976649155999894
280,511797.3436482853,90.58441220857151,3193.5959285775075,1649.321706230738,99.32685683094215,66.25384161721287,1,623,10.01279278700008
281,421212.6958502464,127.29324109670667,3980.763337314767,801.2070657091724,62.88177757620764,59.49831861824984,1,568,8.292233627999849
282,641036.3948193314,95.32528067539224,1992.3121391598138,1867.24438691294,89.78878588691184,75.24472824197179,1,623,10.325472191000017
283,646080.6160869532,50.2599818556702,5577.102584013719,2944.9295138937346,157.48253013094836,70.1010502313431,1,655,11.403373828999975
284,695799.0700878173,74.7131386977434,2914.989083426485,666.6451368029867,31.464052692069238,76.31265005973071,1,563,8.474329656000009
285,537420.5094653319,44.151163850102044,1001.2913840362925,1304.5337277438543,70.30261321788588,64.9298645503328,1,606,9.19699912399983
286,724294.8723092001,199.63403350337944,1878.8552247717919,2985.3792714082974,136.00856475556236,83.38600245175397,1,649,11.532136603000026
287,696545.1865796989,122.4911606407438,4814.27762541478,2423.542043155158,117.46561961814815,78.31340748265664,1,642,11.19800890900001
288,773003.0036669448,83.6497929323541,1103.5858460517388,2092.048005845433,86.75732496475347,82.15027669707544,1,629,11.258568683000021
289,567651.6868450769,122.18447173238488,5781.259102617736,897.0206773796453,53.565729442782946,70.34322613008683,1,587,9.521975315999953
290,443050.12434593856,40.03475943205561,2955.2067129429524,2583.96922750547,183.16552054786868,56.7292589336983,1,675,10.51638630299999
291,779117.7971270604,165.97700896115126,4355.206733769615,1032.542531668215,44.757701752081815,83.672541559692,1,583,9.323219547000008
292,334754.4616313123,153.45123677855938,3858.503988323548,2104.8546247842064,225.18754467075712,52.64942381620901,1,703,10.42712730900007
293,511340.42156975076,74.34550891600301,2465.3524722739166,885.5759000463529,52.83837874908071,65.44878026310487,1,591,9.55435992400021
294,355796.4002785713,54.236580336553956,2852.1600829501645,1233.8139256098652,111.41648798791837,50.470454036817316,1,609,8.768297720999954
295,722498.8532226374,194.42860944208292,2091.6462896145313,691.6296485960687,31.282027864907956,82.76630295896561,1,575,9.304610712999875
296,542172.8103758047,116.97206250445346,5112.319179819429,1669.2677367024596,100.70359808752805,68.6919612987968,1,622,10.057139007999922
297,753740.6067247766,136.12671204826944,2150.394388406144,925.4118531665497,39.6334441260837,83.06788676604077,1,589,9.589399741999841
298,703173.0121545738,20.00675812884752,2739.439546470968,2703.1065358498645,125.9950151033577,69.27266098970935,1,637,9.899365047999936
299,622907.0785221469,62.18754877194291,2036.2378186027831,712.5587494969977,35.79293748444132,71.71188292061477,1,573,9.18444275999991
300,648025.8302686079,179.9089791102642,1870.5496390397016,2289.574873954836,110.34356044107243,78.8239085846744,1,635,10.811413797999876
301,712287.247873079,178.38630362355957,2026.1418580580307,1959.6684920168373,87.35867672472015,82.22516752723877,1,627,11.17592403399999
302,643646.0118035823,101.85329523735899,5101.862228317439,1777.5899558282388,91.1056389503387,74.37251349621535,1,624,10.928356255999915
303,769568.2899477768,138.69328229760882,1174.8407941423454,544.1464674201183,23.583177175662257,83.7426366244247,1,561,8.778709104999962
304,675911.7310626428,20.674558269740768,1271.7180585960798,903.5920030349255,41.03996780200418,68.87789425807662,1,586,8.474560236000116
305,717691.4865653671,29.35660017693641,5416.196065402163,2109.0527278337363,99.71327325613815,71.29157143399136,1,637,10.577778892999959
306,521406.18434466387,64.61500382595653,4350.231108151636,1432.784262474313,87.6577833863656,64.66173478494665,1,614,9.818961452999929
307,623126.5061970442,183.64506522370309,1298.344782502856,1116.9778025955588,54.14164833228425,77.81431935787315,1,598,10.225215825000078
308,518311.16422339843,144.42720790514213,4882.9685208512565,2726.541703959235,175.82948285903424,68.105811936217,1,671,11.157355398999925
309,347533.08833873784,159.45216595974003,5690.9527823140525,2011.0204152887563,231.13459979193377,53.61615530583038,1,703,10.589612309000131
310,345492.0908567547,69.48050538977306,2281.8403177960136,1261.32588304038,114.63348553344169,50.7486843422178,1,617,9.180026116999898
311,795878.94644346,78.91128416628018,3787.6116533281397,1895.3638834704907,79.93187523025978,80.98557675587197,1,617,10.585108872999854
312,424701.2573437978,88.9733230895915,1137.6936072524863,634.202296321967,44.291992224540515,59.395900591524125,1,570,9.145312805000003
313,796834.3642783761,179.613042359791,2622.1387002753104,827.4908372387297,34.60914392475678,86.07179739366585,1,583,9.17001609099998
314,660189.0219115862,144.9422067777187,4157.491842100877,773.0897030326187,38.863031663600005,76.96786470246147,1,574,8.911082034999936
315,316119.8653054276,159.73503431761,3435.969717931249,2077.1205942357205,236.80495010342926,50.76743751084154,1,712,10.723555826000165
316,445710.10695500183,29.46905480956915,2521.766606202627,2627.0052532926907,182.18137659564178,55.60934186434496,1,660,10.066785665999987
317,474231.81573317206,179.37098311734044,3469.4547328573403,1763.9202601491647,116.270213916358,66.18953344661118,1,618,10.256587374999981
318,604309.5961349577,64.42268386691555,3099.014979918863,787.2265937445698,41.38250206156149,70.47893708785236,1,585,8.799496684999895
319,618312.9166750422,79.50985995963188,1601.0296568743768,1282.3487262841252,62.53824060719859,73.14824080730591,1,605,9.812306269999908
320,546647.1747757478,96.59452232626768,5142.834469202406,2351.410964684059,142.8482478080621,68.02546653732504,1,646,10.994971835999877
321,481594.7927757777,152.11092256686422,5973.911600157457,814.1182213092393,59.20795446473119,65.30291384937398,1,580,8.573868726
322,698883.8103844728,160.2427259054198,3257.9860160657713,1166.6971022699358,53.70566476780393,80.2106637632455,1,599,10.102050107999958
323,524958.1545974002,29.04964800245395,3697.3405322633644,2171.620796970924,130.69758193823947,60.82691934338057,1,636,9.789191375999962
324,691465.6617167313,101.09247496333153,1286.7452784450354,2348.5034741864533,106.65083751395112,78.85950726029499,1,636,11.429439013000092
325,752911.8930980307,63.04418302476388,4424.957388134821,2052.856067837133,91.63614378375307,77.76492887942418,1,633,10.446361446000083
326,790902.4693215971,52.143152500411524,5356.943119007124,955.1194320808016,41.57877035631482,77.86674064892973,1,592,8.91018688400004
327,706882.6338535977,112.23047141479394,3512.365502044116,2392.600383074825,111.59830183601898,78.70589706639363,1,635,10.520479466000097
328,319554.632673269,179.22949017878184,3499.703523082127,1870.4599276705,209.70823618710008,51.66484988961005,1,689,9.912680670999862
329,332644.1015278216,39.10034486354293,3971.204154144443,1765.9532871651186,191.06275797571993,46.78452380617171,1,677,9.451299942999867
330,365002.755782739,31.77871332420876,5238.419437624349,2462.3590395673323,253.06152456505686,49.02401572752915,1,729,10.558189309
331,686668.6799486568,186.46434238221408,2289.4379954803226,947.8266234206511,43.77355583522339,80.88394057508452,1,590,9.731357183
332,732868.9678552314,128.78629862113033,3224.8084007432203,1401.9361904659759,61.91796403909467,80.96789425342591,1,606,10.674462369000139
333,534971.9323663444,110.28650019749736,3823.357077598291,2615.9398379934523,157.5101067576602,68.49586668503626,1,659,11.64378336499999
334,576778.7620824884,156.63543217696264,3200.9373275026496,1363.9443694751963,73.51425264731749,72.9970768891754,1,603,10.324106894000124
335,760691.4567954342,95.65234873476433,4573.21720345106,2017.0600281524648,89.5417967876797,80.34574156170598,1,632,11.188516333999814
336,414629.1197720632,199.8318491423247,1235.192466264107,1421.6539062775107,99.05970728529736,63.00095030198195,1,613,9.561824333000004
337,609678.7543902661,170.61336640773513,5832.348072627557,1800.62416593005,98.93906259755215,74.41098245373675,1,627,9.927988585000094
338,723627.3868195589,116.00817939797878,1547.1205057205016,2569.1385755556616,114.40107165013394,81.10710281764581,1,640,10.86846949300002
339,775753.4942740253,48.6715974943959,4940.84517869555,1149.3715703840405,50.07633027013241,77.15276440515072,1,600,9.78277816800005
340,318716.6686609268,199.06490442858848,4449.086809398695,1380.615019192797,167.6191936910563,51.488875110477025,1,651,10.261320680999916
341,704260.2098483196,186.00922282935872,2882.9667199780383,1330.2322167146958,60.33274244931784,81.42025625892404,1,605,10.18597072700004
342,727547.3274592212,65.0431609322286,4122.332229620731,1057.8949238625783,47.921826731404714,76.7670363384884,1,599,10.35927905099993
343,595073.0814911571,183.9913622639212,5607.889099053009,791.9971719999894,45.47027294666111,73.91908183506915,1,585,9.564054314000032
344,521806.4081015885,58.527917483671665,1902.8135812771789,2336.811437994779,134.9458923553291,64.93262208302303,1,632,10.108560842000088
345,458129.94126335543,193.89775107772104,2442.0415326823904,2884.640219243128,195.85108009887142,65.89301309222046,1,682,11.556922801999917
346,590800.9942107908,135.74265867508987,4225.340023049004,1483.454750512704,80.27462174575734,73.03309021887482,1,618,9.699573127000122
347,591613.0852666106,53.49519899349589,3815.8778915229914,619.8558625238932,34.524142412402924,67.73471893422757,1,558,8.177832629000022
348,404524.99662903644,104.72189479889674,4255.117633351332,695.5547781885593,58.970897296029904,57.53022950954174,1,580,8.364091906999874
349,582665.4629592493,170.66948603935666,3249.4811683573125,2663.8567949943354,146.32446485682462,73.71879340023679,1,643,11.308218118000013
350,388888.44918857387,199.42867524503586,2938.701905220296,748.8051762112266,62.43177175187545,58.033542629511714,1,569,8.009723455999847
351,725238.9511602516,96.35155613179805,3931.0432831162193,2199.6373613327387,100.70219082719615,78.99044233102951,1,637,10.807558654000104
352,470102.07458422985,144.69628938308884,3401.3075447757,1034.7080863832002,68.97669232993948,64.90879198757116,1,587,8.92430157800004
353,464736.8041111409,108.35414027195382,5183.638959563147,2916.170043980127,216.0704890818604,62.84408340230274,1,697,11.094925296999918
354,328041.78792762995,181.0187242967471,3546.9313724898425,1246.2622930052048,133.64361938471546,52.79856563732672,1,626,9.768828139999869
355,514073.20128996676,38.143186292146275,3288.7968934007554,2490.821763626065,152.62518001767964,61.63927442471827,1,654,10.581595812999922
356,589721.8469003288,59.21465964384124,2822.3865135749907,1753.5483227489983,91.76343412399466,68.88930979110695,1,617,10.485079007999957
357,364015.48473548284,105.7226259681144,1223.6101193188874,1486.1068422746384,119.37629797461734,55.04620898240718,1,620,9.318570248000015
358,436126.78770601196,109.40253199778901,4075.3398477460537,603.9394768292706,46.85091179996566,58.59572138818032,1,549,7.660988097999962
359,507524.073672191,151.94948304348947,4746.6447928335365,2377.0107971926373,154.3700499792052,67.63885061259921,1,655,10.492493466000042
360,427510.4919727819,67.34024434480767,3914.203062826633,1361.2948904665286,102.27753224690424,57.780352968543966,1,609,9.209548052999935
361,676772.9813530059,108.73485761746666,5385.2888554131105,821.0106966011756,41.30225490111221,76.21216369458932,1,587,9.226334644999952
362,469518.46957176994,42.09794445340043,5516.918587533279,1682.2392734288246,120.73681119556156,58.54481222487216,1,631,8.724204785999973
363,447027.5870544672,111.1218588319061,1143.477686340334,611.1900805440945,40.77861204374173,61.99308761692263,1,568,8.159893185999863
364,665210.8238785255,61.97105925873593,2869.648510370581,1494.6988083754868,70.60546845359869,73.53929749984484,1,604,10.492243100999985
365,420176.3282971805,71.0810987621681,1621.6707017659155,2306.458714927102,163.04909413853062,58.182892798614326,1,655,9.957555249000052
366,678728.3139345979,38.64444059839495,4488.963386563008,1972.197516912838,95.50151081296619,70.89628862033963,1,629,9.343087405999995
367,685598.5332465287,195.79938900386108,3685.102540831807,2833.8926785421672,138.23084388874747,80.0628767934662,1,639,11.414000434999934
368,358378.9904901288,82.1698821747296,5826.772695399156,2186.506950327776,240.51938362126089,51.977358559204255,1,705,10.86816024299992
369,785817.948085124,171.2014358758318,2311.6439952871497,1398.1617439202314,57.770322482829975,85.5529432959808,1,610,9.54500036699983
370,325829.4107209888,161.2122636371596,1656.9772566834645,1595.2770470299108,151.67267614883508,52.49772466673262,1,636,10.314292115999933
371,471817.22386136226,78.69361534899889,3923.2200992211306,709.7345958499512,49.12148733298611,62.14108474861796,1,580,9.134014055999842
372,382387.11125262256,133.40676767510473,2591.8436090878904,2542.9914863611775,210.72510751249948,57.2871885211222,1,688,11.46973657400008
373,433347.5509771791,23.383513432979523,3042.8602318191624,1462.9310125221282,104.07699990885594,54.45572703677188,1,621,9.478414189999967
374,304725.9776893872,77.42524341582009,5028.09481819357,2897.4518092524377,417.2053738810681,45.93826560572622,1,862,12.589641804000166
375,715637.0352395277,71.51860668730586,5397.146828295833,863.749685509561,41.17778000019821,76.24029353760496,1,587,9.465238997000142
376,323990.6746452407,121.76763505130201,3955.8725146683405,1809.7703482136403,205.04797815973635,50.2814711372411,1,681,10.690113165999946
377,395218.8498909133,126.13209739738373,4498.991114083195,1199.2362166787257,102.99074197650346,57.801283740589916,1,604,10.232187222999983
378,751825.5192440122,69.63921759379298,4685.425477793324,852.7977442407082,38.46994864448931,78.04477944605279,1,589,9.59979503600016
379,359914.8274933842,32.473710155824506,5452.658283938292,1580.0089731451744,166.06227467238136,48.59536574580876,1,657,9.805038498000158
380,780545.1311895704,54.74570700965426,1054.7474956458916,2823.997899912578,119.52558355280924,80.00653395864518,1,644,12.096404365000126
381,320224.4941893518,21.33610384274757,2920.325518219031,2002.0061348996667,213.96520721672607,45.6496134271216,1,697,10.12082104000001
382,739886.5954203957,70.87812715941108,3143.782052277286,2118.741245391042,93.88359672938493,78.4040267523895,1,634,11.217433640000081
383,502653.6617754552,106.75860757634713,4907.154372065563,1848.14952653168,120.30881171142573,65.63532019416436,1,627,10.228036935000091
384,767090.606772871,131.94671042582854,1262.9609761829327,1717.5067667954977,71.14520702226604,84.14952056677603,1,619,10.388148730000012
385,606291.8791672001,48.179483764894506,1066.4553033737113,2557.0140170137774,128.41590282577363,69.79593725458382,1,640,10.822982471999921
386,651948.0888158241,149.2145064553311,1759.6851760275822,627.8777665029586,30.726204209236055,77.80551582724232,1,570,9.04244312999981
387,462835.502482991,177.49368495472885,4929.762382070381,1182.9276088392235,84.80224665197599,64.96850640380161,1,607,10.052683533000163
388,316690.0272085867,65.31312444393635,4659.723097979842,2516.295555808385,319.7832631779171,46.65545322664114,1,771,10.95521300900009
389,379284.61280972714,23.185188102304615,3610.4384736666093,2850.510875859205,253.4033521835625,50.561350795937585,1,734,10.598184017999984
390,407693.2079712818,108.16856466576714,2831.6170810266167,1881.1207375132476,143.42567464288544,58.52035860636465,1,632,10.846181675000025
391,300929.6527016864,118.18004976862589,5268.606507689046,1880.708440171384,281.6428808576322,46.756879770645874,1,729,10.291881721999971
392,525786.7687436285,167.4631128984058,1043.020289324131,2128.5839717258023,118.74721673223328,71.2273633245811,1,631,10.192305831999874
393,673421.4133051505,68.2298610040217,4445.318022282598,2687.5954705149784,134.0470378302784,73.44324922348166,1,632,10.461924352999858
394,625543.8423238772,177.0575220983073,4500.039813741378,1727.4118768600497,89.61763132918922,75.66811676625419,1,605,10.348950489000117
395,392392.38537917513,192.98987287742557,2296.910295123005,1614.3535188276132,125.39177286806999,60.14007037204824,1,620,9.789358007999908
396,756456.6927706209,47.432330824988824,5858.887377796065,767.0884546850714,35.48649783113477,75.65144081035473,1,579,8.666434127000002
397,698233.6156688819,22.99913231495525,5598.4985728475485,2311.3155948286994,112.91608349882465,68.88010393940954,1,642,9.65055582900004
398,584654.3895976852,106.2884333391825,2347.4298392922915,735.841040489655,39.321114706210956,72.15208817657707,1,574,8.37083725399998
399,354467.7529527607,70.62833353171656,1162.9847061422265,1348.9818780360788,111.31822030922906,52.059934989194915,1,612,9.330617046000043
400,512374.39601253695,96.11506158023984,1156.3253183503502,2962.252023553727,173.96880015273766,67.44447151882481,1,668,10.78605595199997
401,503665.18739352643,33.492742576273564,5292.580623952776,1345.136163056361,88.05715762199263,59.673266075987634,1,615,8.76540559099999
402,340438.494577,166.37253414340984,5998.053578846694,981.6315727444727,120.60517252553959,53.10863554891274,1,609,9.137853769999992
403,514790.88512059295,106.5721580883688,1701.2682631455327,1287.6420194830807,73.70733447148675,67.8562850198044,1,606,9.774407852999957
404,763073.610941794,127.01106134589226,2176.968632519597,2907.543675731435,127.81765260536704,83.1433480222613,1,647,11.065272127000071
405,463686.15532791655,90.19476209900358,3109.1543020273475,1668.8882999804805,110.89737491055578,62.56902655201088,1,625,9.223813640999879
406,584311.357958647,98.16234823982558,4866.37274455072,1099.2737060750937,61.37003092985561,69.98320134607275,1,583,8.98798530099998
407,313695.7724404642,191.02490956670047,1188.6198686553394,2919.762252239169,291.9514549242055,51.96998970808888,1,759,11.42871333800008
408,565659.8058318708,103.71650407413418,5169.361637142032,2283.0313713834576,133.87159377712337,69.76962572851683,1,640,10.479493174000027
409,315074.34276673145,195.8673808397067,3490.4163416384226,2074.1160952065275,238.93974255808158,51.43988087686778,1,714,10.136760814000127
410,484034.9437398322,32.15753563147665,3442.5520661100495,1326.1516828026095,84.95503921440971,58.55984170058777,1,610,8.921501080000098
411,705242.0190209211,146.42540144633335,4528.542848403784,550.7843828937466,27.36910410753572,78.04718697046759,1,557,8.046752206000065
412,718532.6116220073,44.423861986227834,3713.338224056756,2802.7917907935052,131.45088696810168,73.80294072717336,1,637,11.879502206000097
413,619804.0551152942,157.03952791186134,5977.355397168433,1313.8382776993958,71.21126064859293,74.58064479001217,1,610,9.810188983999979
414,600596.3927118878,125.82707570909002,2758.4677284410936,565.2495507265013,30.646982758240597,72.69968635080492,1,563,8.137347998000223
415,556029.2757151927,136.40759221343984,5940.131497890987,2587.6502523519666,159.46049461063734,69.82636945408325,1,656,10.981392452999899
416,302371.234162103,162.65664695137016,3993.4739941995304,2452.970534050772,320.9132725846702,48.938859977327255,1,782,11.465311893999797
417,405345.7415471923,92.59055963522022,2751.493844394319,2605.311860072409,202.93524589893434,57.545167466128554,1,677,11.456413532999932
418,549415.410089461,115.22601109764307,4763.224320349853,873.3134174655345,52.341658052827015,69.3283117951303,1,591,9.218447575000027
419,734055.096180195,196.2778152388823,1108.6409373942176,2178.740547576644,94.14625814652584,84.32967103730505,1,631,10.914575113999945
420,570196.3300555255,133.8650906617007,3163.466516448469,1968.1236350921226,107.66200532272538,71.83175891531184,1,621,10.561619571000165
421,495293.96623007243,73.38015240725358,2726.9009620232277,2413.441242606565,150.44060550127932,63.72378486359369,1,640,10.558387566999954
422,741859.5043466811,88.56751026037135,3424.7162201426922,1708.0263317294339,75.14850664573737,79.28040134344207,1,614,10.567249141000048
423,444425.5961127081,72.6883474166364,3071.707908826577,867.2188826950795,61.01635606898539,59.490344625893314,1,570,8.531889167999907
424,629085.745973943,37.225935682238635,3669.5336439567013,2751.0698602606403,143.06636125369545,68.39846626652844,1,650,11.186062780999919
425,618524.7230795186,139.35822561893747,4028.061148659698,636.0068324887449,34.343253894805116,74.01688929983465,1,567,8.173912460999873
426,677327.7440479707,125.51139511625325,2845.432247507633,1817.6447118680876,85.14623119856216,78.15612176016631,1,619,10.820050492000064
427,391634.20073497907,138.44441656016187,4824.7092857643165,2733.1431416816145,247.85781591914306,57.91316557628101,1,723,11.338379220999968
428,516169.24727700755,100.06302250683652,5989.989843402595,2873.960795717162,193.9977409594029,65.9888053645782,1,678,11.493669357000044
429,562817.8026585898,168.8166995211711,3571.8578402431285,2492.9630945804392,141.61619362944438,72.2207987083879,1,643,10.5989365800001
430,781519.6531993216,44.86211012245013,2640.677555303165,643.9864490885786,27.65572766760727,77.73097324101124,1,563,8.588948428000094
431,671157.2268629222,25.80009570429625,3212.7055701272197,2546.672691415728,123.44958855788188,68.9019011040899,1,642,9.787509435999937
432,449207.0055099723,178.0132945809759,4738.883474710225,1065.18892025175,78.81635721904752,63.958664816386005,1,601,9.235149915999955
433,701730.9955761195,66.72866112167267,5531.795316675741,881.7458923886179,42.79545801773438,74.88185456363027,1,589,9.184843242999932
434,667010.9960224166,73.66328236572673,1526.6823634244722,2262.3874232939434,105.6240733213397,75.58381152710767,1,633,10.654995411000073
435,504426.3848130808,170.02840871546445,5307.4832143577105,2534.7749411770174,169.70956803672846,67.04777338373395,1,648,11.34592704900001
436,674069.2177845733,34.22399867119718,5663.507732902346,1151.8014887742484,57.25410794206324,69.85182645290335,1,608,9.440143731000035
437,498864.5124453151,54.49089876399656,4664.304313753049,1887.6864039407985,122.80301725279621,61.82440216329414,1,630,9.702031944000055
438,543932.2625422962,38.329053189508514,5466.541818373446,970.8515027045671,59.457489749167,63.042178167584,1,599,9.228300819999959
439,342968.44053849997,142.4076579621107,2331.5162100951516,2415.6850095903874,226.78177587032684,53.56807223388251,1,686,10.730627414999844
440,744359.8745786897,81.43008577334012,5244.524829511798,945.8076869575189,43.27220413078179,78.49247060421933,1,594,9.642274030999943
441,498369.1456691527,73.14948489822575,3500.0782840830393,845.869008910119,53.68786871105964,63.909932740414646,1,589,9.318557384999849
442,790667.2753223451,31.12476026583641,5257.075075255823,1627.7907030593487,70.20153539750063,75.07263968816316,1,625,10.318274752999969
443,311822.3753786364,163.75570536513968,1748.9348651710402,2278.761057334988,234.94879374050532,50.76555100488278,1,708,10.843493254999885
444,501759.42331249133,81.6299527764268,4389.6456629007325,1002.0474905674992,64.52693463798234,64.52787956297283,1,595,9.300280591000046
445,687561.7583806934,29.74864167482387,4890.302278605108,2599.4094940525497,128.1118005426103,69.85747043407179,1,642,10.226184780999802
446,303656.65212170524,169.02834980412462,5074.383066956941,585.822885117285,86.69206406120131,44.943991902623985,1,583,7.1361612009998225
447,743187.3772071879,85.88616301531306,3324.8844276524765,687.278209744696,30.99436193594369,79.2691182268347,1,566,8.447065476000034
448,455987.2135660123,31.439996520859175,5277.616949055899,2083.480695351106,154.6594524483323,56.21225285659016,1,655,9.123759145999884
449,748023.9739958582,135.11973824539552,1518.8131878021045,824.5312998820987,35.31653962975671,83.16617245814619,1,583,9.213495027000135
450,387992.04970093066,163.27347946686814,4722.037847752173,905.0248443477434,81.78376708851262,58.26437293908052,1,594,8.762527293999938
451,688711.7304950921,193.44174482769378,3384.0456111327794,1759.8198506060996,82.27667840007335,80.4051488928389,1,621,10.567611295000006
452,561993.0498984264,188.89906451222188,2790.5971697854093,1786.7655283392385,97.84145522442705,73.17907714152588,1,617,10.37573402299995
453,346351.6105308784,67.0112751171427,4632.078846845194,1824.823852747156,193.8709183491888,50.15372482682749,1,681,9.761932416000036
454,569415.0602421656,109.59221526615286,1319.2369674967522,1355.308771579309,70.2993169666147,72.00493737242451,1,608,10.121345682999845
455,777747.7149167955,137.83303651591643,5895.933403553014,2470.761550140279,112.10169581157369,82.20278373428253,1,643,11.607402821999813
456,665586.5268174633,28.56471836863458,5865.263942780601,1790.4554169645921,90.43842835253467,68.22595007409625,1,630,10.2487182939999
457,416983.3192428942,51.43256740849455,1150.243688194659,1973.2223077364051,136.76976206441267,56.47309465791826,1,636,9.662139937999882
458,318114.9411818455,72.28837046544928,5059.869875978417,1822.7108171602424,235.33624312286864,47.37912581771578,1,710,10.246344660999966
459,620768.7937467238,68.61884581695372,3847.9289032207826,2385.6405136815392,124.43280533738482,70.87242922429891,1,625,10.455172338000011
460,367667.57762476703,30.088312426697037,2075.7362836506654,2092.534321981674,175.06889683060942,50.255284771962835,1,665,9.834238560999893
461,768332.7961541199,30.349546062791468,5882.105858752584,2316.763225669368,105.28716033531705,73.75762410715949,1,642,10.664221361000045
462,408913.64723348914,183.17425269320745,3398.225545189786,2361.9008005657142,186.45817644267817,60.76375043653069,1,657,11.300918411000112
463,551922.9156543743,186.7752357437103,5347.309767758452,1526.9275822655584,91.16069924065579,71.30470056950176,1,620,9.672914371999923
464,390596.96487262007,129.5820913316286,4382.6889762559085,1560.5274179532316,135.28977814410197,57.55522046898781,1,628,9.628896089999898
465,378013.5040449697,137.41717837820576,1800.0747839454402,2655.6662568024526,215.37010745861397,57.438481933855016,1,696,11.16478085499989
466,735662.2867613349,75.97723892635955,4692.823588781126,1910.7543822025787,86.97361141981852,77.82968082626086,1,628,10.130971658999897
467,351131.89097773656,136.63090666178604,2274.590753256657,1444.4622729135367,128.5823154606312,54.33590936345096,1,622,9.64699441200014
468,706934.1376142215,57.66567937629268,1008.414562994114,2300.7751986737385,102.04877560708115,76.62515932328941,1,634,10.739537916000018
469,595946.8226917516,172.21884151795064,4711.174747375348,1620.9200870209154,88.20991223052073,73.60138391148992,1,607,10.456080767000003
470,602688.0747543408,82.96215284556165,4004.5513613643616,1039.426253241094,55.236674001028476,71.41489015971523,1,599,9.135466307000115
471,593589.576979632,125.41612021623024,3952.867492600832,1510.8126453460427,80.8191151041268,72.96723365489095,1,618,9.76616858400007
472,730884.2147085221,107.93795258316234,3605.939478564978,2589.3871496152983,118.78289938164262,79.671564015441,1,638,11.038316531000191
473,322650.78374937165,176.45567987375972,4374.489527251256,2837.7807638033796,342.11903060159597,50.94414950594435,1,771,11.707549166000035
474,406418.5593377055,97.46229909644084,5214.885024775308,1549.788711580009,132.71855341883523,57.45857413110914,1,628,9.694539295999903
475,424167.9020784933,27.19398427380502,2124.240060668184,2384.0177033874725,170.45011615643884,54.23727839131964,1,666,9.543942038000068
476,528764.1797421573,117.63070177685854,1196.5934498366778,2449.723857144769,137.7419677254293,69.66161313760891,1,643,10.31852704400012
477,623997.8828844521,163.47577008114524,3107.6075640970444,1999.3130608627034,101.1471462355118,76.21185118452848,1,628,10.448651564999864
478,384689.3044701573,189.60167869184002,4998.845849398091,2691.527729028426,252.89658977167778,58.54075151888863,1,725,10.817364335000093
479,301800.01058135607,36.13774303383933,5810.773639934001,1719.4109677695672,272.17020319688675,42.99852154689361,1,734,8.809265263000043
480,508081.48953564477,76.40915547048361,4911.713593000186,1106.30897579359,71.25155100095117,64.39612507790272,1,595,9.225342841999918
481,663673.5262364041,66.51034863864427,1989.5983654341144,1170.3407332780394,54.45140467505411,74.51429067700205,1,597,9.28066732100001
482,342293.5093824037,192.67838133480453,4471.969158450385,732.2676765031758,80.61408849906377,52.63098701979427,1,585,7.757501110999783
483,446325.65504931635,113.37554838643267,3448.3714936852352,2764.9892396302125,199.52049961473656,62.24952805413619,1,689,11.078281821000019
484,352711.5211969197,176.0175183502342,2813.495645855312,2192.1440314705897,202.75301830189474,55.32165987168762,1,674,10.751271058000157
485,680597.2382147107,85.50479847336635,5727.585151391887,2949.3205116102804,151.35882308137903,75.02366825263637,1,653,10.888942455999995
486,630904.2957363974,61.559040614811366,1798.4511667765178,657.9631810939723,32.736823356054,72.30584908831648,1,572,8.537706064000076
487,492293.95310832676,61.00539500755808,5846.523624691685,2357.6459543730157,164.39485874253586,61.85348059292431,1,665,10.518603904999964
488,705566.9082332486,69.85440571836529,2039.1853675475556,653.9588070723223,29.98988661196234,77.06503643189883,1,571,8.619543890999921
489,637268.9819186942,84.50143368433943,5647.3093138630375,1093.7929682468884,57.443004951743696,72.86888451485717,1,600,9.351739996000106
490,311065.58711985516,95.20752976957759,4610.985830949838,2730.178539311207,359.6266073890002,47.51017916365973,1,811,11.049104235999948
491,566354.0230564876,154.28691828411803,3986.6939940996635,1831.3500829899044,102.79449710792356,71.70628889936603,1,608,10.037102558000015
492,668867.3317864889,35.920354667861126,2928.3675825159835,2238.579005447209,107.06040635625924,70.77290147209301,1,637,10.141430153000101
493,631743.7504041849,35.405510862162984,5314.039943182823,1933.7708477222995,101.41773546735453,67.94495646477382,1,634,9.645697004000112
494,326566.2136260692,148.50821182760527,1694.3527204172237,2429.9413701993108,234.64026428513762,52.18523734826535,1,705,10.959309316999907
495,323184.95297429315,181.89526754747422,5631.909829363442,2937.5319246231497,395.9522150873688,50.28822817985749,1,848,11.700259095999854
496,472601.0302985105,103.37415278791595,2905.70850762194,1655.0272054208237,107.03423094946005,64.09580953480119,1,624,9.513610366999956
497,510009.7595231099,167.28137278199424,3845.473828533072,797.4069415675199,50.45404618072336,68.08059631282617,1,574,7.879181873000107
498,399738.6646555777,160.65719383703694,4411.728418323973,1700.9470358475232,143.2986124445899,59.252363326463964,1,641,9.556707327999902
499,377472.9827689114,114.33798701853704,2893.4946199950236,1144.153569568225,95.98120557048372,56.25339651428365,1,606,9.542899180000177
500,504736.36002399505,109.0456152175602,5654.207883372615,2893.6507900395472,198.11779617780945,65.51986079326512,1,686,11.128988511999978
501,349910.8470266775,132.46258963402948,5565.467190839763,1322.532157815489,147.60795440826996,53.30869881940082,1,630,9.456746318999876
502,317574.8537431989,86.82499060258496,3538.097134563619,2748.897716288793,317.63110886208204,48.12992292151501,1,781,11.067220545000055
503,782200.1633919463,160.00093240410598,3581.4280479077356,2859.531244481966,126.20206966319112,84.15171830154148,1,643,10.92926040999987
504,679784.8951314596,60.42189562140297,5287.581645334345,760.1010846042986,38.12242032774649,73.29537740072777,1,581,8.954478094000024
505,784114.3576932768,148.1852922234696,2584.5094049592763,1687.5065605850566,70.33277142981812,84.64222144046306,1,618,10.245391843000107
506,456571.88667462,63.92164160715335,3262.997672651743,679.3160090607969,47.61932687178032,60.136836904583404,1,576,8.354262266999967
507,360361.199092613,89.34333414363138,2422.9089892950324,1551.8648716275147,134.61377447994616,53.523410872627146,1,634,9.106312485999979
508,798965.5144158471,161.6679531954108,2453.0747123192673,1554.6814593628897,63.68708372262612,85.85137616111027,1,614,10.319518309999921
509,586967.3813455319,124.94767940351794,4979.989440286066,750.9082920488909,42.937186412628826,71.28685767615976,1,568,8.17869699400012
510,612088.6095471925,123.90498460726863,2933.597268840259,2357.9647591066496,121.88725326834268,74.2572095622629,1,635,10.21949306800002
511,400783.8424528048,56.5421195376619,3650.4235556844073,1501.7423546631605,120.80272051489418,54.59253713853983,1,620,9.590323086999888
512,529887.1205898402,94.95302853926627,2692.4027119403345,1865.322190552529,107.40536492218004,67.6705868277383,1,614,10.34134605600002
513,633498.0708219043,99.79741872013959,4212.893067209852,1505.846928835557,76.41839435748665,73.55467684420894,1,608,10.420856820000154
514,717709.195580163,114.57618795297597,2991.3006052911805,1919.0318404166676,86.37103405999393,79.76460082987931,1,620,10.323383055000022
515,593888.141098123,41.249468162477676,5319.199508411042,626.5742239765771,36.23498430874683,66.38644948967699,1,570,8.643166398000176
516,528135.6499072688,34.419355394669196,5380.7506692797615,1834.7264032622988,114.76616103711368,61.49747588255088,1,632,9.336387420999927
517,617493.2033559713,69.15258747208199,1085.695916986082,2990.583644790178,150.65143380786165,72.60270782515892,1,653,11.15344373500011
518,557477.317404946,148.25540682243812,1473.9239271625183,640.2664488805376,35.29812289461602,71.86386886442776,1,571,8.382278116999942
519,613094.9791796806,185.82528154914453,2682.2969181790754,2257.5728092305008,115.63949642213817,76.3756047547461,1,634,10.270271931000025
520,385852.4325308384,93.05225689614574,3348.615115881478,1406.9949174662852,117.1388667255393,55.366381025919225,1,598,8.718489395000006
521,538711.6824981493,42.911652958347574,2858.8060166606065,1121.7351513382832,63.72921349567975,64.1100720885361,1,602,8.840870315999837
522,427910.1909614126,174.11696666559246,1489.5284700088255,554.412989542156,39.69472601300945,59.62270278718565,1,564,7.69706651599995
523,389560.037980276,56.77155454179994,1908.4608363219718,1806.3744219383323,138.95785907133757,54.08746419074947,1,629,9.450050587000078
524,739200.785094202,51.15534147643784,2499.0466303504545,2156.775129062632,94.62103810587497,76.54414186916374,1,626,10.778309206999893
525,484809.9147133174,121.5945610362958,3739.946582889584,1538.7042027379578,99.66688421238818,64.98961909986242,1,607,9.972811013000182
526,749533.4368458401,145.80328514682444,1848.357026077635,500.027661702806,22.672693304028215,81.59686603688104,1,558,8.703539802000023
527,492814.201336768,135.98567049350203,5572.929482808351,2251.7951930391087,154.99125331727151,65.94759036332879,1,650,10.601498213000013
528,615247.7596243876,141.1225235455093,1692.1990405117167,1634.8935830674839,80.47442424835285,75.91818330577519,1,618,9.694454965999967
529,549027.250555522,172.57366024998427,5460.705773527116,1725.9990425066167,104.07850554209139,70.85659466562173,1,623,10.726389434000112
530,541327.7644856877,97.25245261552371,4820.928039906203,980.0271471673327,59.25044287844619,67.82575914160212,1,596,9.449300537999989
531,440477.98390197346,71.4010304727322,3720.4691712261315,1056.4310619864204,76.3930249958635,59.27810487653408,1,598,9.144539919999943
532,722238.6682478914,168.1468663223343,3759.983736152643,2977.8590406637823,140.484245519353,81.30918681476565,1,649,11.328912622999951
533,637699.3771034222,68.75825428998414,3642.2752357266327,1713.3391390162387,85.45917499269893,72.5133119720904,1,624,10.866071912000052
534,524373.3987930494,22.55490907853111,5501.80956393898,2031.3681832400675,129.0555421119033,59.325876855803116,1,638,9.517262573999915
535,737003.4580175409,47.018180208183765,2063.3317263991753,2173.821543350785,94.89319507812898,76.22693818626271,1,631,10.365829329999997
536,759762.7233673094,56.850363686275216,1768.5050653643102,2053.868195464757,86.97737845983312,78.762558146545,1,627,10.45432976699999
537,770946.0840629548,186.40494036467942,1594.9520796299616,2169.099309957968,91.26813457515199,85.63792862326385,1,631,10.847191436999992
538,670176.7792696583,116.42483057554057,1787.673767283912,1531.3197677233977,70.4842449823607,78.109980670421,1,615,10.06602993699994
539,709924.7051690655,169.46205185912714,3866.044788295441,1253.6828540275842,57.62272615105015,80.6368219318762,1,595,9.407437890999972
540,565039.8337787914,194.66501781215345,1435.4404999069097,509.9034514154142,28.54863574948558,70.33695506454109,1,560,8.242118906000087
541,626246.6063588556,144.26359788508466,4185.432745163721,2952.2078039814887,157.39269949218084,75.47700930060097,1,660,11.16249889400001
542,338209.3786763892,37.03007358633796,5473.709667027979,2510.548568026711,301.1424967768967,46.90187040438762,1,769,10.69577776999995
543,368844.09282707993,130.1733472123782,2366.5236158229004,2817.054653002407,243.24694918971167,55.91234468323614,1,714,11.35745182200003
544,776605.0705812386,25.310301192324395,2390.3329095266527,2296.2701093121887,97.45941886938522,74.39361265789394,1,637,10.19008452800017
545,740165.5984454989,142.96282039280072,2393.5527957320746,2645.6072925928784,118.03151083338953,82.4152536315414,1,641,10.645819581000069
546,547287.3383918193,175.86062133259193,3893.7059434413286,1078.5224532723719,62.630362095127246,71.11786370616193,1,585,9.324921099999983
547,611335.8082197255,165.4041110539057,5552.960107282199,1920.9082215251103,104.7396416585158,74.4673409769877,1,631,10.255635236999979
548,560983.8149579486,173.67601117427716,4180.01649205226,2323.784995325142,133.91360555862985,71.75775341026669,1,628,11.48961442299992
549,341486.51745044766,88.8119942541551,4759.549560168087,662.8349059556272,74.96392577771105,49.50658038000167,1,571,7.554044038000029
550,588370.2481791701,102.81743191150663,5870.040549371425,2830.0539445389395,165.7123188459677,70.56028692518147,1,663,10.964240424000081
551,683597.4877812576,126.72957800701916,5748.322597410506,1448.2974768647682,71.24642171671519,77.19542453264268,1,615,9.499667951999982
552,658341.3143677223,104.15577343248536,1500.0018051006589,1536.7101841482943,71.26842736743663,77.06187230184771,1,614,9.982605864000107
553,506251.8986545012,198.20488049102576,2162.135710472723,1338.1240023739556,79.06151145833314,69.90051029539121,1,609,9.782979710000063
554,636066.1390835888,119.1579480095533,1808.0962073458095,1341.0972405866717,64.30902377056476,76.26241989970111,1,608,9.992251146999934
555,485880.6423946201,198.49009070419962,5196.798756307175,2487.7305953232326,172.9463216729933,67.12346833102127,1,668,10.615137328999936
556,505462.7881662005,47.89908404903536,2556.113289157864,2007.4340166240963,120.61216378468069,62.58180845424853,1,634,9.721974086000046
557,599970.1912834396,104.83435156144024,2866.622954941744,512.8636177203077,28.209300701331365,71.29857218082789,1,558,7.783298224999953
558,523004.59907525475,37.73696423325407,2263.4729656392838,1215.8605106422085,69.6103623795004,62.35941466387614,1,595,9.995751636000023
559,333741.17649688886,133.72672465476813,2227.93581412149,1024.857028275666,97.89857549868537,52.1922243775695,1,581,8.454977961000168
560,627463.9473188405,115.52167148677832,4035.6240124558653,1660.559425712972,84.7756261257152,74.0676586897551,1,613,10.785146165000015
561,747395.4451604129,60.65314966512061,3413.3700278879637,532.2040294598759,24.604848733415984,77.7467790922892,1,565,8.7042872909999
562,445086.03551186307,53.68897075266076,2218.969956671366,573.9543825352157,40.21796130678275,57.89119355583734,1,554,7.6165687210000215
563,577400.8708028093,122.29884075590762,5923.336902881783,832.6077687918537,49.34064531444696,70.89796012648621,1,583,8.710147189999816
564,418530.92494114034,96.76482911943667,4484.1637024488455,2013.7342351097336,160.86898602039523,58.69475480038298,1,652,9.78632334100007
565,583308.985840101,50.742141316552804,1896.4740285295268,2115.0277482533584,110.12033139295978,68.16261082254957,1,628,10.042430807000073
566,746490.7621732978,21.626490026796443,4771.14215722862,1155.739703855916,51.66863574561779,71.1831968342711,1,607,8.774543294000068
567,515597.36048586364,152.68233057101827,3025.931169098748,2670.72138719518,163.11815166442113,68.83949814944464,1,656,10.425156854000079
568,540188.792080431,132.75132015344388,3631.776509336331,649.8598838627581,39.237684255140245,69.41954350874677,1,576,7.942417325000179
569,425726.0074640017,187.47857157574836,4316.458877763217,1662.8907781338332,128.3981732062897,62.406170536651786,1,632,9.671540632000188
570,669676.7519392059,195.51714036759716,1466.622895185232,935.7547011748452,43.356273128962506,80.70088897470981,1,590,9.411280875000102
571,459842.80034983717,143.75870010744475,2523.9382403213267,1416.291498655461,92.92617425851164,64.62542097180187,1,609,9.725582407000047
572,331384.77313026297,75.30366757258862,4330.984075560532,1735.7377519740032,194.39004331957713,49.19676855325893,1,679,9.711147376999861
573,788761.1369198355,39.576349034805624,4566.9298065833345,1699.8479860819607,72.69224815786369,76.49716044075049,1,623,10.0700993129999
574,744824.2447177677,26.911120706907326,5123.039558940175,1512.5788650466884,68.12240552216065,72.09860016433498,1,621,9.269353677000026
575,490808.5586483468,49.69819915601398,5273.2950754567355,1525.0536721170738,102.77034921702257,60.8027127646656,1,613,8.765060629000118
576,783510.6642902698,147.01779098449254,5011.371429121647,567.5724963186881,26.059926853912675,82.09304875308374,1,556,7.8553791720000845
577,539539.8708615071,131.35128982386124,3561.576850635971,1368.9279104235275,79.22577003721014,69.83102080867242,1,613,9.622228382999992
578,765088.7050210298,76.71918905347997,1858.829842508265,1241.202026851737,51.70206494150451,80.77920308984315,1,602,9.98444098999994
579,451404.20220644097,89.8499481698218,3942.3362404397753,1261.8490554530108,89.14450438022992,61.20988927892562,1,608,9.16206719700017
580,533821.0827359639,185.3045291655942,1366.1286647466895,2738.1527795369075,155.03476206481125,72.04904869819258,1,654,10.355241734999936
581,432874.82338737324,198.61925330191724,4313.77723378858,1303.0841625330304,98.5358845146391,63.32471409629654,1,612,9.632462544999953
582,777251.0456393878,182.1390158579342,1118.6120130984395,1840.8587104684286,75.69876210978117,86.17738732204859,1,623,10.355403598000066
583,376287.10587700387,163.1308546165236,1258.2431334935272,570.4239928905997,46.2244622720125,54.43209108288462,1,567,7.959144111999876
584,544716.7411997824,176.6361186320858,5764.863495391586,2345.8879232884337,145.87228988335315,69.70230433397451,1,628,11.094631413999878
585,441407.4468552986,124.65777712424016,2979.016300830781,1733.5074616587608,121.11954972229624,62.08474688099913,1,615,9.997536521000029
586,655597.1190075447,55.42776663041879,2370.2880938430126,1458.324883853419,68.92876879705557,72.69524682403166,1,610,9.57521969000004
587,363777.7471207306,118.85495973667341,4253.413162977062,1912.1014224109742,183.44468296385077,54.687112925369206,1,668,9.798201569999947
588,500588.6896238062,102.6481704658239,3296.7211984370765,670.0172095145053,42.89846438685507,65.77155818489022,1,577,8.276928609999914
589,431931.61669117643,100.72289392104764,2769.3146773884628,584.0379632432721,43.31933105140427,58.70278240114194,1,553,7.581449032999899
590,416284.0738932724,150.6933616089097,4111.710394080208,2796.59101990795,225.81121629641865,60.73467942147209,1,709,10.933119683000086
591,571026.7584879969,107.59486364386784,2736.4360209057195,2040.6977892639945,110.39562156295557,71.09882374050264,1,628,10.34137229199996
592,719718.0145665392,190.71713880334087,4534.905938998894,2767.973467877396,131.7550694809446,81.13789291752755,1,640,10.939122463999865
593,466688.0918366376,145.37668689154165,1743.345790408579,2260.9617635464074,144.2144975379529,65.70967350931895,1,643,10.507325198999979
594,563175.3043830742,154.97172078379998,2006.6631813415856,2397.3313102530424,130.27318988283216,72.85946718375891,1,640,10.615045940000073
595,443194.1027169246,197.99575935235478,4152.687687735867,1876.8899336264085,137.37456974628006,63.66461803388679,1,623,10.13188716600007
596,716886.730508572,23.94276116508518,4061.637028215064,2219.0581526058604,102.64188088016546,70.39176794320238,1,636,10.108329247000029
597,464039.9454160924,93.36471509253634,4541.598978269973,1927.8612489137377,135.69161559209357,62.09673325772526,1,636,9.99373648300002
598,402031.381232871,99.75081807723089,4780.037004983651,1573.110597584077,133.70138184146467,57.09873796271044,1,626,10.03086267599997
599,730571.0635208935,102.47060241554814,1675.969800824973,855.5567091542305,37.253556355086495,80.79254208274193,1,584,9.283133216999886
600,701079.6576158768,79.0421403835528,3917.2840517413806,973.4902250200189,45.45194837808878,76.62418163689593,1,595,8.698453974000131
601,710918.6363858907,191.62383373083952,5334.185558424032,1941.1638001573324,92.28593075628812,80.74550415749921,1,631,10.104404366000153
602,309746.31893880654,59.341923097751696,5217.831569961022,1265.4823445644188,175.1646052759986,45.374218673867254,1,645,8.527169235999963
603,436602.37497175485,27.881940364301975,4734.714496769873,2788.0488959326008,217.68109610592276,54.32691533896869,1,706,10.78863783099996
604,659817.9215426719,167.730808392448,1722.5586591912847,1954.1097618103504,91.70859586583414,79.30263046660481,1,627,10.377108636999992
605,490673.9663985051,184.43748225483841,3809.4975290466255,1830.3964056085026,117.88150740107554,67.38460585986144,1,621,10.293398734999982
606,434692.09376952663,115.61442126964607,5053.318301099163,681.9544343796706,54.97575316969555,60.4380469997697,1,572,7.814970694000067
607,634129.5165060221,141.63642631093356,3078.244631903928,2408.7755747570263,121.54650454472261,76.13530799822797,1,637,10.437480729000072
608,441856.7874651762,160.86454861946967,3279.251741062847,2696.3193400591126,195.1360760925864,63.196246338776966,1,677,11.842554474000053
609,465701.90632267005,143.32371988258745,5919.714399675386,504.7841507317574,40.345767069859285,60.370409650411574,1,562,7.827330664999863
610,621540.2558520471,157.3094306487197,4467.673805542279,2909.463700928214,156.92542249499553,75.4411954718794,1,660,10.968583398999954
611,573475.8650790295,91.56479605967506,4861.16096886366,1571.5220136294984,88.83267538010655,68.95101046726352,1,603,9.72129419099997
612,426474.63210610347,23.714870087330933,1941.09743106332,1439.537630657682,99.65884359663245,54.37044564988981,1,615,8.874853564999967
613,405660.34830512246,20.888855741584464,5433.655687425504,951.7788166825492,83.1750947677312,51.517464494792144,1,597,8.370731053999862
614,335687.54120854783,175.3258233753606,4520.975718917496,2136.433077766699,239.26761491740774,53.061108068850075,1,708,10.530187451000074
615,337020.7790650756,161.31964726133563,5130.0737840117545,2601.5681732675216,306.43920488205913,52.91764508941971,1,768,11.12717900000007
616,475214.0477018176,78.22750310652005,1539.7889165191636,2982.3328604900385,189.80471180970497,63.30307804204733,1,679,10.70665440100015
617,324929.72106942174,165.01392852341854,1835.028845991067,2181.291890946864,212.82866195376303,52.38952061522792,1,689,10.792297982000036
618,792520.522822333,43.11760667885346,5774.090520105782,2207.498539468121,97.39361211399492,76.79993165191794,1,634,10.359253005000028
619,642966.9173835951,28.254239178281402,1681.7432035133947,2242.522524434322,107.81141457702948,68.45292631591323,1,631,9.633050552999975
620,671919.1127731856,50.11958272402052,5676.109614327219,2071.7757479822963,104.09045962662918,71.84464265098127,1,638,10.62875239999994
621,672449.437972653,98.81692045720939,4678.673032261366,1639.220365476435,79.95249020730597,75.9915272457585,1,622,9.901129386000093
622,332222.44556177023,130.8776019146572,3177.237722589453,1029.2225458657556,105.50811774887585,51.83086705251369,1,605,9.138814638999975
623,308422.3507007669,89.52893156269782,2354.741028603288,597.9917636645807,66.69917957688577,44.192725495462575,1,562,7.129966975999878
624,608805.9591381969,110.7721332330774,3832.1580711111947,2878.851538313876,155.44965718474884,72.84028254610193,1,649,10.502713772000106
625,576127.7863114288,65.78008816590642,1723.4577210015177,912.1955750371317,47.769170427450504,69.36144392114518,1,586,9.512252825999894
626,477479.07835368416,134.63138689955693,3008.1511429804755,1615.6266818273857,103.78584983428372,65.40661999168142,1,603,9.904051571000082
627,748821.2189848362,40.86828133215249,2242.595384148379,744.5393639726971,32.33115619884926,75.86659214978876,1,577,8.861020345000043
628,646831.1935108241,162.58859150506925,5744.3635988717215,1608.3206125138208,83.25255870431234,76.47435811712327,1,621,9.447111814999971
629,467580.12899943406,162.275683450239,4280.395276466752,2333.787956853545,162.98429466454786,64.62938624814207,1,636,10.350818440000012
630,469105.22562714014,120.64400473306824,2304.860820992334,2639.899387362152,172.63527876459432,64.62690681285908,1,659,10.033338839999942
631,411605.9958919933,180.57357113283337,1439.1274333860533,777.2981155099119,56.27440923552285,61.37109650472548,1,582,8.21106192100001
632,479362.2403205108,99.30210543828447,5818.306564173343,2578.310720538706,186.70419827854536,63.001519929116206,1,674,11.038560657000062
633,536391.9264990633,36.61082031368106,4431.091595544918,2928.5169086097476,180.78788979858922,62.26849119867134,1,671,10.539116723999996
634,782475.7955081519,161.9570604137984,2784.520021431417,2994.1933282312443,131.16930653425385,84.78920836413552,1,648,11.204766301999825
635,738071.3922159108,155.57129527400608,3305.0790995833686,1860.5775919699624,82.41167331690846,82.0689747430219,1,621,10.042025872000067
636,658824.965481156,55.06530759208488,1623.3082162842322,580.104125739358,28.10680141192178,73.3396339822757,1,564,8.545805654999867
637,308984.87264028686,92.47244171574397,3311.2053140289545,1586.5412297808687,184.7234622341169,47.4689930120543,1,665,9.082762342000024
638,553350.9688727505,178.69076874045638,1343.9598378038934,989.6431862720962,53.18981313316875,73.26984939750089,1,593,9.552450098000008
639,649211.5075361498,87.7734924229353,5042.586771323104,1192.1884815827648,60.49902888258907,73.7725157418165,1,606,9.423429181000074
640,397217.17733803566,105.3813909084426,1448.102063732015,1478.7824057506036,108.63980318661741,58.22909925661961,1,615,9.550606002999984
641,797996.9656423242,79.98262808426134,2999.6826689807185,676.5386467085596,28.73978164739279,81.80172802254663,1,571,8.187170471999934
642,692573.0800583066,101.41661545549933,1669.10920585259,740.1631403968216,33.87966161142914,78.71597691921819,1,577,8.874947094000163
643,636345.377882398,42.478739278396155,4011.1907315290564,2228.3849385377534,113.59402959228906,69.4276061544445,1,635,10.143059860999983
644,736387.1346574811,55.48520934623875,1391.3670035599785,1427.206991552789,60.57450485907047,77.69544321766261,1,610,10.078340931999946
645,608441.5250741912,189.79920622281168,1637.8712274880022,1518.482199186135,75.3497678666697,76.86907970309414,1,615,9.350731357000086
646,361535.46604124526,133.13823660462077,3189.7356982560204,764.7461811096653,70.6394599761041,54.734175730577796,1,589,8.593686586000103
647,644268.392183997,68.0731896015831,5586.402607440779,1842.7187295920385,95.43631109359966,71.72207885136972,1,625,10.308273605000068
648,402574.94826787146,116.33477866158341,4397.727763117617,2900.3333911660297,248.60328980500842,58.04873527186994,1,726,10.961700973999996
649,384547.1273130708,85.24117838293792,5754.288426005896,1384.8051352251173,132.9575511996828,55.02102177499917,1,631,9.493555648999973
