id,set,p_in,mass,F_fric,L,t_arrive,v_max,arrived,started,s_end,n_steps,wall_s
0,wide,694133.1296712434,69.26167171941825,5835.234000560946,1364.7899400834117,66.25700998519814,74.59114226025235,1,1,1363.4434130259729,608,8.205099782000048
1,wide,650026.3119255228,41.675867932762245,3123.2104762268036,2076.4897631801437,101.53093435800872,70.14418119146379,1,1,2074.4269617166156,621,8.452991623999992
2,wide,418566.25188532897,62.31923902829377,4726.26257670755,1422.6797865658268,113.95150617237765,56.23938631493218,1,1,1421.2768795543766,615,7.923479756000006
3,wide,519989.61154633784,164.93295421647042,5468.227207290981,1070.387522066046,68.76034026150242,67.91070172188594,1,1,1069.3316415650618,581,7.184809135000023
4,wide,599476.2660620066,75.92440284847174,7868.8158179797065,2916.7586654359843,177.55898285053223,68.7649689446109,1,1,2913.888224701241,664,9.228990425000006
5,wide,332340.6747770974,34.30387277968529,5419.040742566963,1007.9671499336552,122.9428005890926,46.045625098090326,1,1,1006.9690675529273,612,7.111563630999967
6,wide,462857.21540528303,112.09106670783716,5165.788526075743,834.0236018900596,61.315390622908964,62.877224662602174,1,1,833.1899631029368,584,7.535757316000058
7,wide,455190.98399041913,122.29152941204029,6845.072953174152,2956.2707089831056,241.7567288173259,61.85277949373822,1,1,2953.3292745756853,713,9.481869568999969
8,wide,620774.8394121759,33.684558713608816,5767.185917179424,2631.661610633442,144.82823309698495,66.5355046561887,1,1,2629.0413481808528,646,8.50719758799994
9,wide,221078.32253738196,33.19775945476876,7677.298886304627,948.712824324488,nan,0.0,0,0,2.0,2012,1.8466886260000592
10,wide,513562.4548169306,187.47180070761152,2411.4382144364035,1659.6070812802845,97.49223961911638,70.05541367345056,1,1,1657.964355387727,620,8.575540743999909
11,wide,472235.27004385594,65.75493743158287,3961.198435881862,2737.1571348218627,188.86528635258802,61.18201151686908,1,1,2734.435248877652,680,9.150807083000018
12,wide,540783.419229226,167.07719637398426,5494.903838623003,1236.6817994399398,75.87623130085434,69.33453752382948,1,1,1235.4462453931746,583,7.601641091000033
13,wide,697473.5964963295,101.36742091933357,5682.4624852539755,648.7483355910796,32.70074029145407,77.00611820477503,1,1,648.1070960938596,572,7.082101135000016
14,wide,576391.8120451861,68.37233229706982,7300.495882697071,1178.4167358915784,71.31770305415063,67.84414899022767,1,1,1177.2441154046821,609,7.492605055000013
15,wide,653642.5466584964,182.217202051527,2127.549494311035,1673.743433173597,79.37782966540931,79.04905834575798,1,1,1672.0773843513407,619,8.451597893999974
16,wide,632660.6646033318,138.65626162290226,5540.608373044241,2824.1941325505686,153.21846845099157,74.25344025105316,1,1,2821.421354582283,643,9.16207585699999
17,wide,787268.633491096,49.87099757758647,2640.992146205737,1747.4964993210078,72.56066253922184,78.64920833105738,1,1,1745.7498335521407,614,8.346693596000023
18,wide,256268.63567754772,161.20267115699693,4613.595630964473,2692.957713992712,591.1142488949835,32.18571974290445,1,1,2690.2836408334792,1011,9.404232210000032
19,wide,264650.77723489073,141.85764992708246,4463.373219883284,1207.1211670519922,228.43556742185422,37.632728083315,1,1,1205.933149183437,680,6.933385409000039
20,wide,782522.7445440675,120.24325658915328,5793.779048621097,2098.495395846259,93.3756506314895,81.91062788512579,1,1,2096.435618202664,635,8.935728908000101
21,wide,552780.6786257143,27.415056976866513,7403.373800262278,696.8642680322507,45.77525413985436,61.75171416590474,1,1,696.1720174626032,585,6.734050303999993
22,wide,543123.2953980649,97.2563064723909,4709.111996643871,901.0315099324228,54.377221028543836,68.07429775050349,1,1,900.1427056144213,592,7.877904866999984
23,wide,442735.5088707966,89.87141888047177,1015.8161894384614,1510.4056256678755,97.40467964198048,61.726979625620345,1,1,1508.9019975395943,614,8.156258613999967
24,wide,529012.9133422896,52.176688836460876,6109.291826464371,557.3092324816249,37.75849725231273,63.11827249087873,1,1,556.756941775784,563,6.607261802999915
25,wide,529136.7504311523,50.205343561976896,3976.6748609175784,528.9688324340793,33.52523257082205,63.761151703422094,1,1,528.4451164478104,560,6.626993672000026
26,wide,382138.00702172844,58.79347359980239,5209.559877079907,1694.3026302221706,159.1111755473085,53.081401167193796,1,1,1692.6336068458302,654,7.847024368999996
27,wide,477108.4506090165,50.8885409081024,4365.477561056834,2525.7568390500783,173.67531364377285,59.995580203764874,1,1,2523.236763830147,665,8.538969262000023
28,wide,302611.0671401028,150.83994836461554,2959.8791597976397,1977.0585208033522,233.19101104457346,48.5424028863147,1,1,1975.0964597441496,689,8.265357940999934
29,wide,625470.8760953231,194.51794156907445,1083.5589148120257,1726.539531016708,82.99372170614332,78.34483689999944,1,1,1724.8295293111617,620,8.586967860000073
30,wide,479969.55479533947,119.82292283128022,4854.829447977712,895.7249701431483,62.01176911935338,63.75160998998392,1,1,894.8465328288313,569,6.955749837999974
31,wide,587251.5212361576,73.86414591038172,7178.701173213504,730.3072754120803,44.53141515037715,68.82836284523493,1,1,729.5835043937968,585,7.086154388000068
32,wide,366550.60047452344,42.59236313653251,5714.543771900414,1386.8888940199072,143.71501099262883,50.075325980224,1,1,1385.5204074208543,639,7.442531545000065
33,wide,374741.18812283553,190.83708522811474,7371.119078550158,737.962681586274,85.78054460619838,55.619760737672415,1,1,737.2382184987797,595,6.969608232000041
34,wide,187775.15786478808,103.69068639853624,3437.839456989388,1600.8621623023666,nan,0.0,0,0,2.0,2012,1.9188163199999053
35,wide,467748.76284114126,148.65160828168828,2040.0448449104872,784.3484345048477,50.859035067903015,65.50863096867096,1,1,783.576296356771,582,7.357962063999935
36,wide,715921.8215468653,23.64634425429892,1838.3966417838233,1413.083359484157,61.637524060212755,71.2214699469078,1,1,1411.6920481293218,606,7.675440618000039
37,wide,397825.0350509272,165.2294370826509,7550.810017577822,909.9496737728157,93.87846560307788,58.09272633457764,1,1,909.0527177350928,586,7.139248269000063
38,wide,612956.8614400029,31.569748457431324,3551.975482400395,1833.570327429487,94.50667508146235,66.61555827018447,1,1,1831.7418586087128,626,8.312238288999993
39,wide,349156.9462203492,89.36103466419237,1718.5987257816846,2907.910799539398,260.45819541259544,52.36226611736567,1,1,2905.047979025889,733,9.893052226999998
40,wide,639545.7958507193,154.45072136172564,1587.0627275996376,849.0632854875619,41.03221396815641,77.86814554757889,1,1,848.2227062101779,585,8.113696120999975
41,wide,224845.27141265737,155.91248210306622,6376.1240196886065,2177.8393749449247,nan,0.0,0,0,2.0,2012,2.081985204000034
42,wide,353479.1264194371,76.42318949315813,4769.130399181908,2636.4324928761257,278.0396531070718,51.51101034238064,1,1,2633.816138558346,753,9.180710981000061
43,wide,209844.8508076806,172.88966636209418,4801.889806909685,2938.2373598041836,nan,0.0,0,0,2.0,2012,1.9891167189999805
44,wide,738636.7358113313,134.71086692702494,1402.9669175232852,1540.7232920622898,65.53007501296891,82.75034755734809,1,1,1539.1860905135225,614,8.671136234000073
45,wide,213518.17629540042,84.91877805320163,7956.1872014448445,1828.9724653918736,nan,0.0,0,0,2.0,2012,1.9511436259999755
46,wide,785246.6444051184,160.37200865722767,6739.293260541596,616.4982035553654,29.005761165300026,82.61967842829898,1,1,615.8842819148978,571,7.074065669000106
47,wide,281060.7601537014,114.65085813607463,5335.624922198361,2278.607868180122,416.1454899532873,40.18713156137815,1,1,2276.34658251179,852,8.873846975999982
48,wide,567383.4968724628,65.24576727929909,1322.793073095565,2969.3510524286057,160.6461147815475,68.97314812124847,1,1,2966.3996064778576,658,9.02747114300007
49,wide,445821.7059105197,154.21365788176809,7254.772036639826,1770.513363501023,147.7212471657553,61.926520432374794,1,1,1768.75420515623,631,8.626738535000072
50,wide,497468.6135408069,41.20518435103297,2782.415815002351,2965.0728943326258,187.67192497713347,61.0742245562336,1,1,2962.120338288731,679,8.50795428999993
51,wide,591841.2912037167,28.376188148924598,1471.2944972145228,1991.9994090247817,101.05959278070966,65.67573531021102,1,1,1990.0107414142662,625,7.540760049000028
52,wide,399244.78064780403,184.96957421242038,1108.7645980544617,580.683306684481,43.818896530859746,57.4679894154399,1,1,580.1080581216527,568,6.354428350000035
53,wide,434959.5370843246,26.224032908403128,4504.725975908119,2889.052321066648,225.04562993538136,54.177135160451606,1,1,2886.2143376773442,712,9.079998216000035
54,wide,597626.0069655067,141.32172385229234,6550.320114698932,2851.942840360515,167.70152754040953,72.29068526632764,1,1,2849.1348433251383,663,9.254323130999978
55,wide,322383.7424642092,32.48163045810095,2689.9483724783677,811.3437502831491,84.59986979236488,45.08417779376153,1,1,810.5389996399613,585,7.294492888000036
56,wide,421100.08691734914,179.5422525934232,4414.572199242984,1636.4003772943372,128.66153855110113,61.859615546874046,1,1,1634.7704415097066,630,8.489263669000024
57,wide,721442.3776234624,195.91789238052178,3652.366075148238,593.9829388922788,28.24873233432744,80.81851630639629,1,1,593.3998188707583,567,6.941255061999982
58,wide,341616.4834398456,138.86423134508553,1439.5647123712367,2049.7774804159476,181.9729048294313,53.783705528655496,1,1,2047.7645421450634,667,8.45991861799996
59,wide,438078.27745403256,189.67119423635373,3203.5134397671018,1817.1266289182763,129.51838694023166,63.677889778319134,1,1,1815.3135840440677,627,8.650304242999937
60,wide,182657.4514682612,136.84833526976942,2856.01476550089,2861.189634056077,nan,0.0,0,0,2.0,2012,1.9346879679999347
61,wide,752850.9888685767,40.17164914189968,5033.5465055937675,2394.479614819881,109.23469851992468,74.64226160848371,1,1,2392.0938203118226,637,8.874388803999977
62,wide,448361.48793117184,135.57388773115474,3721.32644110193,795.5039861754381,57.47135262486704,63.08101323145039,1,1,794.7102265345505,586,7.536606987999903
63,wide,394207.8767367721,137.45155424502997,2975.636780056743,2762.8547858488487,226.06369787236065,58.67199526627422,1,1,2760.1198527507227,710,9.420110418000036
64,wide,232359.39955135452,48.9483607181798,7939.822059929983,855.8358843925791,nan,0.0,0,0,2.0,2012,1.8943095270000185
65,wide,219567.90064565119,112.54209142915911,1813.6081569398693,2115.556611313753,439.2875573807227,32.740971585958064,1,1,2113.450210409071,872,8.612125435000053
66,wide,163987.87360894447,162.15124261333042,3382.184178140661,2556.0896308360548,nan,0.0,0,0,2.0,2012,1.9044176380000408
67,wide,276679.65743102535,45.90032341399876,5582.201785940058,2590.107138445494,520.2955784969732,39.4659294297427,1,1,2587.5413034163707,953,10.035804254999903
68,wide,415072.3980535966,47.06964652116672,2367.907939602879,2402.409320390029,177.89882216940154,55.49664593918707,1,1,2400.0258084080165,671,8.81807848599999
69,wide,196060.1435544822,145.56360513395686,6815.215617771812,1926.4519434858155,nan,0.0,0,0,2.0,2012,2.089934845000016
70,wide,184161.7045537382,101.97756032310426,7111.835053329458,929.0101980494975,nan,0.0,0,0,2.0,2012,1.9569339089999858
71,wide,759984.0855330513,60.6854970779062,3070.454464712365,1378.8656663135052,58.91940451184329,78.6317148585669,1,1,1377.4970959924226,612,8.54952816299999
72,wide,777070.225999151,122.66204796154449,1067.066031257536,1473.4644148927791,60.03800939895797,84.43050948157382,1,1,1472.0064330818639,611,8.649723356000095
73,wide,311894.3211277053,64.0132870261859,6653.1773015244335,875.0269069580725,141.9568910010748,46.09999737080667,1,1,874.1605978870206,618,6.894381016000011
74,wide,160129.74942145945,152.69418495989504,2078.5339644554256,2321.7081732066126,nan,0.0,0,0,2.0,2012,1.8302147169999898
75,wide,408232.0445640324,70.88933261453207,1845.6117958101145,2460.35257779568,181.92715982898497,56.9771335436837,1,1,2457.9166949079545,662,8.874787663000006
76,wide,770727.9035442459,145.13312058534393,4281.175792328215,2446.501908896917,108.62265528274048,82.67779154123775,1,1,2444.0670724039846,625,9.089355940000019
77,wide,204728.87629842933,116.6934079301531,3414.011369523722,1846.7706780083188,nan,0.0,0,0,2.0,2012,1.9308213580000029
78,wide,732697.5386276991,100.56701586888819,5121.099246380703,1709.7446610549,78.4384350295634,79.0763897533479,1,1,1708.0567864252148,624,8.536963033999996
79,wide,608171.8115278819,38.367540621613614,3633.4509563985016,1801.9968892000818,93.66897244106251,67.49856745640018,1,1,1800.2008935947126,623,8.310361539999917
80,wide,505615.0424346696,25.31120711074276,5906.7042342252325,509.78897166416635,36.41584195127511,58.681780646201126,1,1,509.28611761994534,566,6.761063128000046
81,wide,610302.7798506744,81.12597115143345,4754.5244353597955,2475.1010701512787,134.34170759279792,71.16734072053065,1,1,2472.654227014962,645,8.757367015
82,wide,631217.5861651166,132.09391546451786,3086.5844315439895,2054.614391364253,102.98189077575083,75.62682932159447,1,1,2052.592909819962,629,8.596597001999953
83,wide,661865.829991834,34.88566565110513,2471.996685563602,723.1900429474356,34.81493303595216,70.22245601083327,1,1,722.4777807154778,573,7.108957285000088
84,wide,585025.8965542684,71.55943788483557,4348.953939618999,2883.0620139446237,163.31387604659827,69.20970784173662,1,1,2880.231063939772,663,9.005876313000044
85,wide,481463.8704930195,134.41266159549497,7493.205869753433,2146.2081876403968,163.60479010921813,64.00489306684472,1,1,2144.095340104438,651,8.53120645499996
86,wide,240945.54802689512,158.0027830043426,2379.2636828434725,825.6973005418884,146.77774638229124,36.93213800875949,1,1,824.8812995040704,619,6.244113776000063
87,wide,756807.3055358429,67.76353384716502,1974.6991449786885,2340.625780148519,100.74765914028666,79.52166712416806,1,1,2338.320668800077,635,8.701106059999915
88,wide,505529.54896071303,178.09799813120816,6643.793548025117,2273.5307969052656,158.1122052351376,67.33419160820311,1,1,2271.2758760849924,650,8.841165079000007
89,wide,663764.3185483571,166.10945433881963,3585.7135845095277,2377.7511286681893,116.79050274448866,78.21866226600102,1,1,2375.383106440254,628,9.336061502000007
90,wide,308766.15492758434,153.48383767996995,2206.731099749879,1112.3653234374087,118.79860191937898,49.731278537965295,1,1,1111.2664749953335,602,6.925220535999983
91,wide,745325.7950064018,53.878275152275236,1877.4359041631192,2243.4098850102455,97.08544307016089,77.61748842841457,1,1,2241.198757860683,632,8.957962442999928
92,wide,360803.33344182256,186.0923772417871,1230.1527964209126,1599.0567363268162,130.2289483073868,57.36529570866273,1,1,1597.466140198603,629,8.212382821000006
93,wide,509910.1936417102,188.63504521828645,3701.284432412974,1158.5841035534818,71.53910902578416,68.94675998938342,1,1,1157.4474736245268,593,7.687432279000063
94,wide,705689.9889768034,61.69611439028712,2715.061015634878,1259.042034143843,56.57544220891737,75.85719960336831,1,1,1257.7956479852135,603,8.722973976999924
95,wide,228180.20509889114,29.410789511339374,5302.6672570358,1757.780014845806,nan,0.0,0,0,2.0,2012,2.0428515909999305
96,wide,594695.3587703338,184.12096192754146,5809.446669373051,885.3253373195184,50.685915838725485,73.76372174054289,1,1,884.4410920711117,591,7.665520889999925
97,wide,783298.1749982684,81.34335813648241,7773.486515225506,1076.2525554779463,49.24412206581491,78.90292761668768,1,1,1075.1877383291403,599,7.82714701000009
98,wide,211879.51639309508,36.35859016441184,5146.294961602448,1656.9363273091772,nan,0.0,0,0,2.0,2012,1.8899538030000258
99,wide,324786.0800444677,56.5004976225388,2798.5460301312005,2370.0279763553654,247.65671507123736,47.2908660305006,1,1,2367.7011234756355,723,8.93033177999996
100,wide,590230.5405592067,186.2380141060086,2326.3802936547836,1887.379447185873,98.06465270932549,75.22539390497137,1,1,1885.5177275575568,624,9.470018309000011
101,wide,684604.6846438054,132.82074337454924,4393.241225224396,626.6361116849996,31.30377880656588,77.40780130341027,1,1,626.0165657540233,563,7.551409239999998
102,wide,799398.565506885,108.91892202399887,3526.9336874695878,519.6359877517276,23.03812871654771,82.6073622374586,1,1,519.1236151543221,553,7.3354031119999945
103,wide,277438.7993281983,44.93990519714285,1386.9812698828503,2119.2323239267917,253.09301021724673,41.845983612640396,1,1,2117.1157662881596,713,8.86031054
104,wide,416351.88201356155,118.19895438797971,5347.708002057099,2206.591354934466,186.08018707209996,59.256781755723736,1,1,2204.4251905152114,672,9.211205715999995
105,wide,581223.0400562072,198.33849697887914,2071.809317806496,1852.2679827879645,96.85665242593466,75.0821859961397,1,1,1850.4252044343748,625,10.115088435000075
106,wide,433033.74404917227,125.62498998260283,2155.7310379883697,2063.2577428643217,143.46001406903687,61.93182975239779,1,1,2061.2113558590727,638,11.262291989999994
107,wide,384596.3847448155,86.28602067802034,4832.946860042457,2349.2936842105523,216.5576892533091,54.915845245423924,1,1,2346.9671097169066,695,16.707177571999978
108,wide,282532.7106759192,91.06513478429025,2098.2506758601276,2816.3366201825947,352.7904090156021,44.22797244734379,1,1,2813.5705593894954,813,18.614748128999963
109,wide,269967.31809481303,149.821356252704,1687.1492378037408,2549.3819908515216,331.08387363722,44.465024048954064,1,1,2546.8776601168765,783,19.406308994000028
110,wide,186467.7794278706,151.86668186886362,1648.770519148807,2776.0109092937696,1137.2381747902416,13.96448690216779,1,1,2773.2380527784408,1475,22.205315895000012
111,wide,729177.936836822,140.3274255487961,6605.826639414418,1544.1057051164619,73.12552565474475,78.81371104434693,1,1,1542.5716252995092,602,18.07004717799998
112,wide,395619.28745403455,110.71577255184417,2529.1309559352403,561.4967880521714,45.6815701250671,54.97270381416585,1,1,560.9376943610578,556,12.946627186
113,wide,358786.3111664663,81.99314501839223,6281.6906714434945,2196.6155939688574,249.64436972399295,52.18008290507542,1,1,2194.421611014158,726,17.95600189700008
114,wide,779608.9099560676,43.1623504016142,6559.2998473764,671.829748699048,31.114886437860722,76.1333496920032,1,1,671.1655397510341,580,14.881448782000007
115,wide,487537.87487078516,108.34672574600128,1944.9146980356372,1130.516395244317,68.78401901964625,65.75706156349433,1,1,1129.4023835743462,598,16.439347209999937
116,wide,740636.1195970785,83.97142244352027,1750.2896543175953,1143.4563299775107,48.75766095447711,80.15121406178358,1,1,1142.3339595215589,599,17.617546099000037
117,wide,607045.7838426221,143.1722654361621,6599.197573660814,1330.0850133009847,74.71272661646158,72.95855645128125,1,1,1328.7773200523359,609,18.99866042000008
118,wide,168831.28813611504,155.25227638548895,2900.3173973881208,2294.4605092870534,nan,0.0,0,0,2.0,2012,4.023585465999986
119,wide,602287.6338517882,167.84984104937172,7080.185316088102,823.47096926511,48.482072616460684,73.31454301275909,1,1,822.6584334914864,587,16.20201228799999
120,wide,306575.6969917101,39.02424669377928,4559.949285091729,1091.6745103710014,144.58316544331387,43.82749705747519,1,1,1090.5961874884065,629,13.931124138999962
121,wide,643514.5558573254,163.73157243090844,5704.662023510717,2186.821435503959,114.8818447691456,76.32678096393886,1,1,2184.6604755209537,637,18.836442946000034
122,wide,689177.816363785,181.46655626376892,6427.866762600227,764.4424904829839,39.163300622586085,78.77860005444614,1,1,763.6856027448939,584,15.441291274000037
123,wide,567713.2829773837,70.1036999966515,4530.6707065672435,1441.055904809753,81.4539388116541,67.93760660129878,1,1,1439.6338335916819,613,16.641336464000005
124,wide,557084.6769133094,79.81222090242986,5655.12770432996,2506.6831576520044,152.3579687105977,67.5565342564019,1,1,2504.2061440169396,646,18.299684609999986
125,wide,223103.48240485074,188.10317064962194,6954.0231508829465,2829.3860665577636,nan,0.0,0,0,2.0,2012,3.91402516200003
126,wide,531695.1238374859,127.72515988056406,3044.6216853958185,745.4509251951629,44.279996731878015,68.97564130181009,1,1,744.7186921354894,574,14.269897333000017
127,wide,677970.4730300598,75.61006308507196,7890.180995335787,2535.245716820544,134.74690318674445,72.93979597356073,1,1,2532.719625399337,637,18.47184073400001
128,wide,381745.68931137014,86.76030431596836,1494.2599681670417,771.2900535562644,60.44124481393077,55.57740628498413,1,1,770.523006874176,581,14.458916902999931
129,wide,622800.09831923,176.19025204673267,3934.2561812752724,1461.3053555923148,74.94576485210125,75.9018659508947,1,1,1459.8486959595987,609,17.920402551000052
130,wide,579463.2053139893,79.01770188776726,3023.976852798188,2787.695524811878,153.48829017838378,70.04827091054536,1,1,2784.9470597998566,657,19.147041074999947
131,wide,233547.36055672643,82.62139209054152,7528.5927503632465,1266.9829077066458,nan,0.0,0,0,2.0,2012,3.908745698999951
132,wide,248983.17210508083,78.01638792093951,1274.0193777262632,757.7710311619326,108.24441108225156,36.49925043946104,1,1,757.0243170158567,577,12.538599172999966
133,wide,735097.7644524768,128.73689821320997,5043.443438144021,2490.036896224664,116.34820560876807,79.79417747156317,1,1,2487.551118925805,633,18.903526229000022
134,wide,490374.5452745956,104.40714323575905,6862.074046420898,620.9326822012315,46.99163707531838,63.75294251031001,1,1,620.3217545828932,570,14.132196620000059
135,wide,548430.5404107932,197.20616974044384,7145.51217511905,968.6025739496056,62.503774123862776,70.64663342011485,1,1,967.6465821311599,589,15.557175937000011
136,wide,173332.7824049217,80.39369712499135,4634.003137293021,2663.019821752286,nan,0.0,0,0,2.0,2012,3.826594311000008
137,wide,668822.9393476879,58.31496633774565,1666.3689154489862,1611.3348062009861,74.0253567622764,74.20820192134174,1,1,1609.7441867316923,616,17.426347830000054
138,wide,597043.8090560352,52.917177267164625,7459.279833708024,1780.9722382886812,104.08340047735662,67.68710390841468,1,1,1779.2101301243172,630,16.79356825299999
139,wide,533415.0202135905,185.58452522444273,7482.379420573439,2256.9579346718565,151.61451324869458,68.8997100317934,1,1,2254.7230961933255,647,18.62533599400001
140,wide,508854.7242130056,60.190956332881754,1199.309291520678,2131.9756462507207,122.68660938107139,64.57504034883446,1,1,2129.880529960324,633,17.740930746999993
141,wide,679958.1008583189,28.52453563654376,1252.3717648322054,2978.190593057758,139.96736445882274,70.73457985303666,1,1,2975.2244030671027,647,18.597311477000062
142,wide,252999.86715756496,183.54944265845842,7280.940273589381,990.3257087151069,nan,0.0,0,0,2.0,2012,4.235023162999937
143,wide,680695.8715197395,84.26390548564328,4811.072487533787,2616.2546056607366,130.02082798432707,75.48179214296317,1,1,2613.690595801358,646,18.31620198799999
144,wide,484984.9418058859,146.23979139058162,5088.648528798557,1056.5514034806101,72.4267231077293,65.88142898493643,1,1,1055.5121030539503,600,16.084070568000016
145,wide,386232.84051115124,158.66828171014154,3680.665000056997,872.3733178450948,75.07374304836924,58.149050254810284,1,1,871.5134829535552,594,15.48799525000004
146,wide,701797.4523969835,90.30143167243516,7185.3144559110815,566.7515895718675,29.88666661014618,75.71518421748944,1,1,566.194178891074,565,13.880224872999975
147,wide,165094.55996236426,109.60040865269072,7610.837204218424,2836.915429709892,nan,0.0,0,0,2.0,2012,3.841995900000029
148,wide,298768.16445579176,174.4352832627629,6802.166392418733,2654.059356333879,505.8902516238068,37.390789042059914,1,1,2651.4408055461618,934,19.107298154999967
149,wide,460760.1858669201,182.76552421710517,2920.4751748887948,2496.491240489609,169.32989171960836,65.54922654845272,1,1,2494.0217831479586,652,19.165716607000036
150,wide,659516.8403403334,166.54668434248984,5285.477359371229,2599.354183585522,134.09769055743718,76.75206642016578,1,1,2596.7724110001473,628,19.53390742299996
151,wide,492517.9242136984,111.68943666239913,7736.241912656388,1371.2707022981617,101.42634047548013,63.87918590216124,1,1,1369.9250713127315,605,17.249075834999985
152,wide,388420.2739663145,105.63294926127224,6205.699667862327,2002.6628151657787,196.04236152222754,56.09041306776816,1,1,2000.6852304361607,676,17.482995027000015
153,wide,753379.2151146241,190.1580479631872,2679.9235426886817,1935.1086053161193,83.70835490201563,84.14507320678318,1,1,1933.2098546162397,627,18.31952216100001
154,wide,244809.65151739912,119.51451187654251,2731.3451960400294,2727.6139279166846,495.4265649137978,38.112953647689494,1,1,2724.889592262689,929,21.27741289200003
155,wide,776080.1809048684,113.4394509111677,3451.4182039332313,1564.4288502075644,66.46388168107414,82.3115705545746,1,1,1562.8951672156552,610,18.873709832999907
156,wide,469968.2007935064,99.12226805201409,1984.315829718484,2357.353416573186,150.84077167770613,63.89457584266938,1,1,2355.0193955403856,648,17.63127852399998
157,wide,350899.1122628677,157.37886942405964,5373.831500602729,1292.9448198834607,141.53851323693678,54.13338788965763,1,1,1291.6641118484583,631,15.800287749000063
158,wide,334753.2831745823,196.83544605236565,3268.8238285208367,2303.265847337856,237.4080318493398,53.49177681058795,1,1,2300.9633238404886,690,18.486625381999943
159,wide,797199.3665993662,87.42265767232753,4116.056759190145,1892.813697785788,80.1682677548154,81.43097581474278,1,1,1890.922084702186,620,18.14556732699998
160,wide,758841.7282080045,60.9453616381086,7565.167603048371,1477.1630944932476,68.72657916574359,76.82763824048783,1,1,1475.7059878348553,620,16.677485696999952
161,wide,453593.04189077485,92.16504738864175,7050.370057742752,1871.7709258991442,150.93396099899115,60.95894583332236,1,1,1869.9052995537322,651,16.557759196000006
162,wide,750876.9019086552,21.822252008971883,1543.349324091549,664.9605112630933,28.636471721614466,72.67055077037588,1,1,664.2991514990302,570,14.501481123000076
163,wide,723774.277944413,44.43278998185572,3859.0500074997276,1584.5009319948872,71.39684791581206,74.55824209906415,1,1,1582.9243469429246,619,16.967954344999953
164,wide,176110.77951370794,63.02719605629585,7852.87187406234,1799.3581894445445,nan,0.0,0,0,2.0,2012,3.9187489180000057
165,wide,564865.0547634396,36.03733626241724,1579.2973873707656,1107.8077857116655,58.2440141437576,65.27812310258754,1,1,1106.700438445536,591,15.595302531000016
166,wide,316872.98311899276,169.8713623213413,4972.762021408029,2167.312268643309,281.65276823816936,50.30761535560415,1,1,2165.1846660129368,740,19.075181611999938
167,wide,547684.2993072562,107.25665102553407,6494.8430678202885,2141.040762177191,134.55435805279586,68.28189237867849,1,1,2138.9171919608057,634,17.56313008699999
168,wide,315466.93465094094,180.2691323252597,1152.2697857839014,1576.6282507474498,151.65738490243862,51.9745264283365,1,1,1575.082512070512,641,17.10939836099999
169,wide,424391.29441114847,117.44311211805184,3826.4760544002525,976.1077825272012,74.4338948718521,59.753640649462504,1,1,975.1387025466968,572,13.996344079999972
170,wide,247454.4588173367,55.086967937300614,7034.723222516759,2710.332983090841,nan,0.0,0,0,2.0,2012,3.9694586780000236
171,wide,560910.4661401326,181.24104406269504,4131.038335009149,1987.7536981455262,113.42894974181651,71.98420544157915,1,1,1985.793640023768,617,18.133660948000056
172,wide,289166.61264748435,95.01886481115339,3745.869217879113,641.3189828446219,90.66390221602336,42.84187169163689,1,1,640.681656034806,586,12.631639886000016
173,wide,703163.3048873404,35.50797586305822,6178.089190022055,1811.9344970268232,87.85946496794797,71.37305051243459,1,1,1810.127414669784,630,16.917005533000065
174,wide,465165.70535240875,54.45235545543417,4064.900660556999,2155.636426153006,149.2334357877835,59.669000084199425,1,1,2153.492574262199,646,17.022879633000002
175,wide,297448.2712384991,170.7486532918151,1522.9166867084582,1718.3101802151043,184.9771717166748,49.15407830963069,1,1,1716.618450935349,664,17.180561096999895
176,wide,726292.3292150256,63.681113566117375,5443.069720734522,1904.2422012740763,88.79673405248927,76.13598485631098,1,1,1902.3745111826051,627,17.888491025999997
177,wide,637512.6708640747,83.22850048930371,1774.2709206765066,2690.540935887685,132.67231465660174,74.41959527840962,1,1,2687.8969366017895,644,18.4720002680001
178,wide,404170.78216183896,129.35978772032405,7827.262922755741,1497.7496146565688,151.04565572221307,58.1650806623089,1,1,1496.2521549460178,645,15.513261622000073
179,wide,494139.1351239038,144.47498088869773,3597.311257958365,2670.3402064853685,173.20299202510677,66.59305436386406,1,1,2667.696622693672,655,19.330766040999947
180,wide,458438.34659201565,66.30926816405315,5855.109940001491,1915.822559646318,144.34068880381065,59.94545542218294,1,1,1913.9266414050712,647,16.68724768800007
181,wide,584001.0251475453,27.095791287014052,7980.186379484967,934.081010636518,57.407854950687685,63.607004095916956,1,1,933.1589014988995,601,14.729991595000001
182,wide,671905.5493242026,162.60054835162123,4448.841792362204,2746.087227442589,137.7230868986367,77.98640042021,1,1,2743.3781998611735,642,18.63345881600003
183,wide,258300.6070884574,193.3578960550098,2349.3368206968635,687.6080893209886,104.59077019543321,38.554589311334716,1,1,686.9262969505668,562,11.757440130000077
184,wide,792482.0593178393,105.95269923020349,4909.7873257672245,2682.157193738004,118.88114152893066,82.16582336630685,1,1,2679.4997916357843,647,18.514523215000054
185,wide,428045.6280068159,164.01074412903907,6139.149816580787,1340.69713023721,111.98720392948812,61.29748023491931,1,1,1339.3675495304522,612,16.63328094099984
186,wide,356675.8204184768,195.6134441216111,2498.434082084068,2024.893987923375,180.53044104435918,56.4276476286933,1,1,2022.885336875191,652,17.373786997000025
187,wide,266941.2903380976,115.30261380571683,6239.365819434654,2844.485370014243,769.0485770897458,26.527972763551944,1,1,2841.6417855607488,1155,21.386887616999957
188,wide,190916.54492107814,192.10076133946555,4496.7539013584665,2014.2955467256336,nan,0.0,0,0,2.0,2012,3.9245956659999592
189,wide,364688.2309183623,97.87007313973398,7600.297549620244,2996.126691545728,373.19796042263806,53.43351641187245,1,1,2993.174200815778,834,21.142859330999954
190,wide,515506.1121507356,22.647900650779718,1133.4461598252453,1866.3840745956375,105.18624764191388,60.1918978907852,1,1,1864.5195888916287,621,16.624497977000146
191,wide,575293.6316553457,133.54689157752222,6897.363776263932,2704.962096388113,166.11119384886746,70.58437941187667,1,1,2702.2953057205896,663,19.33037649700009
192,wide,367456.0546550018,132.5559912295734,5552.6337702545125,1759.0160957837622,180.30261325872414,54.71197332538171,1,1,1757.288697538982,658,17.2589258710002
193,wide,391870.8701052319,118.55842180814682,2254.09393706633,1032.1706385789307,80.32239862404546,57.84547287609375,1,1,1031.1577981172663,584,14.863890300999856
194,wide,464132.5204452021,77.23851654259951,3894.8362125188087,2032.1174873413952,139.77968633578834,61.611238636251514,1,1,2030.0853760705827,640,16.76123632200006
195,wide,241680.29295930354,173.91472129707824,5616.926783055563,1483.561182939169,nan,0.0,0,0,2.0,2012,3.9917190510000182
196,wide,286515.6929099577,191.52268479454176,4152.199040232136,1315.8075486620646,193.50170672491146,44.63076075847718,1,1,1314.5155190264966,633,14.154323489000035
197,wide,659002.3269659737,105.00106940267335,3988.114286261976,1691.3914626543406,82.73318436486564,75.37145024012005,1,1,1689.7308091616173,610,18.261828183000034
198,wide,283907.8245523622,131.23303305278293,4195.10212844386,995.2617356214291,150.6615662184631,43.848606210376744,1,1,994.2812362575833,590,13.027203253999915
199,wide,521687.9131252944,150.4616092706792,1332.7985840414744,2769.3448408567992,159.91216842167356,70.26954412129076,1,1,2766.5778675838333,657,18.62395330000004
200,wide,501339.24789745663,73.30599856181968,3781.0333735624363,954.907558442462,60.3929991166602,64.0365867534747,1,1,953.9604815031048,593,16.05754915700004
201,wide,207395.6106217378,37.46493249572299,1023.5200422804386,2581.1163179586338,544.9547619714702,28.96759590121201,1,1,2578.5830514702448,946,19.46476953499996
202,wide,321167.06502178503,88.43433243586192,2751.2661044676142,1346.8927179760592,140.52323440885445,48.903753811627496,1,1,1345.5665111176374,633,15.066832864000162
203,wide,303060.8864971001,23.356465306832728,6357.922124357243,2602.028171706057,443.31349074919723,41.9259067883873,1,1,2599.4524017831022,891,19.56578003300001
204,wide,713661.4147627925,159.53108092629188,6404.323890147505,2563.0599672341036,126.3401337348355,78.76063023257277,1,1,2560.5427848090403,630,15.851260318999948
205,wide,407168.38902099105,21.763377711528346,4249.073493290673,711.962500420159,59.272619504353635,51.55358862251877,1,1,711.2545559260786,584,11.639672641000061
206,wide,318566.63328435586,168.3185987287144,6034.630856208541,1356.385225597958,192.3295417653305,48.19189822106207,1,1,1355.0364517274584,656,13.455751215999953
207,wide,709807.1282498528,72.01764500530902,4295.583878583538,2088.54848678129,97.53102454171409,76.32077229972633,1,1,2086.4752841451127,634,17.778548928999953
208,wide,425977.1970925237,106.61821905803242,2185.6466883013645,2415.779832082615,172.7427773561976,60.47084442196894,1,1,2413.384481678454,660,18.12138742100001
209,wide,615046.1157585224,197.74613280079913,6709.7514925981395,1553.0329901929003,86.34985362915354,74.00970596588756,1,1,1551.4847164863263,596,17.23840801999995
210,wide,524727.3033218291,20.357408611652264,6189.84763820003,2522.8881789411416,166.1668715214854,58.836938972698675,1,1,2520.3764348031837,665,17.783279985000036
211,wide,370457.1415426018,149.23427026171348,5512.902383630268,1648.7150771877812,166.08001191095278,55.62713867047407,1,1,1647.0776947556856,646,17.74627258800001
212,wide,179825.95864274682,170.5519824345339,5924.039757603383,2873.313650348553,nan,0.0,0,0,2.0,2012,4.083578829000089
213,wide,447459.0972956392,64.87981967221357,7416.865024277689,1222.6117089961217,102.00165127735875,58.669162641206356,1,1,1221.402339966731,610,16.23295260499981
214,wide,790175.3764810906,53.005619508533805,6064.498416698886,2457.9804180911924,110.25784466469943,77.88587821516748,1,1,2455.5578090913236,638,19.073795288999918
215,wide,274088.14065317286,156.43921719418626,1356.9441152302293,655.5340890417848,80.78824733239489,41.338263695943354,1,1,654.8896241423168,581,13.576004528999874
216,wide,628633.7949650544,31.39742959063483,2235.8444769713933,503.749523595675,26.12366415858134,67.86274473997635,1,1,503.25531222727415,554,12.844449467999993
217,wide,563038.1075172878,114.07851127305828,1295.5569886215228,707.7460728458652,38.08645330622792,71.74515402373378,1,1,707.0501564709938,576,14.666467923000027
218,wide,172734.1656746925,176.6438477303521,3183.1784653098307,2314.9592961613316,nan,0.0,0,0,2.0,2012,3.9171623010001895
219,wide,371821.9694904551,96.79433279523296,3257.6162642215972,2066.9937530078714,181.66645271894035,54.25157805377557,1,1,2064.959986230272,652,15.057130285000085
220,wide,687151.59429776,142.61844484975694,7811.158602001391,2989.0162429561346,159.48321873958417,76.75623398876581,1,1,2986.0775345264738,657,15.518076536999843
221,wide,255940.4105596636,30.068485397309303,2306.0732037830635,1507.2819693419356,228.19211989962884,37.832685897993684,1,1,1505.8020999288099,683,11.275034632000143
222,wide,450915.80897883646,85.93973429344523,7716.365528232547,1009.1432668080164,85.11243306254121,60.42182727975145,1,1,1008.1485479079159,603,9.504179249000117
223,wide,261684.36816313447,147.00020184528222,2444.6474123573316,1735.033912317107,255.78567284541487,42.93593206918416,1,1,1733.3137425831785,719,8.805841741999984
224,wide,536157.0618870258,192.47172031978383,3878.9153670226965,2107.4968275633005,125.07740642792974,70.75675874811508,1,1,2105.3955759909995,623,9.44918412800007
225,wide,556244.6803907626,160.6498150904805,6041.114588103465,2259.857233816014,138.24076909154385,69.86333327877578,1,1,2257.5975939381797,622,9.301609348000056
226,wide,310099.78376829764,102.48870885270571,5642.980249209456,1317.5773644371218,190.6797556249794,47.76035600628125,1,1,1316.2716307003311,667,7.49260767099986
227,wide,272924.0445965001,121.92255136946126,1613.8283261031029,1043.2321334921176,129.67802915100694,43.78049189247499,1,1,1042.2001444177954,603,6.741888992999975
228,wide,719388.6919170824,24.528557527820006,4239.202031854436,1141.3724815285009,52.05871508826788,70.64564104755988,1,1,1140.2377951477092,600,7.474301298
229,wide,766183.7234982725,87.81338152215088,7644.303504888376,1959.449363936591,91.31446689695325,78.90292632284157,1,1,1957.5136675175233,625,8.719451291999803
230,wide,430074.60071047995,69.01319374401484,5188.213065467239,2216.5985984856543,177.38690704786987,57.95727422076605,1,1,2214.3967149935706,673,8.76270955699988
231,wide,764922.2091323544,110.48026701885031,1450.0426654831292,1037.4785718358694,43.13497865112314,83.06656943737264,1,1,1036.4443990528632,594,9.219637436999847
232,wide,377879.78105614486,99.26201108546753,6522.608958305832,1680.996801619191,175.23704985180186,54.40499463305655,1,1,1679.3362971758606,653,11.041746676000002
233,wide,623063.1885146756,177.49760146442247,6784.414637719107,1624.6176239079837,89.39126193774484,74.76415033926213,1,1,1623.0194746519692,620,11.315369581000141
234,wide,633620.4255484543,123.45250182258333,2842.061830625477,2754.072871263574,140.01099649782705,75.55856618203214,1,1,2751.352407177404,644,13.112878710999894
235,wide,604791.2437269517,152.33876729491197,2261.1367907014555,2892.0935664105514,151.574418804122,75.2616066504962,1,1,2889.2443932054534,654,17.289856326999825
236,wide,748533.4022863493,126.70896757873956,4933.825265865122,1243.0497794068897,55.800384769343005,80.44616053202833,1,1,1241.81846077652,596,14.746113194000145
237,wide,672802.6611303822,179.76210192326033,3809.8919710779896,1948.249525530035,93.9519481110448,78.90589655414611,1,1,1946.327107605535,620,14.632766353000079
238,wide,215855.43375193398,78.79158741076274,6117.035367315769,1065.0471698686977,nan,0.0,0,0,2.0,2012,4.002519962000179
239,wide,178195.0048430214,199.41492007675274,3134.0891633246456,2224.5254264906757,nan,0.0,0,0,2.0,2012,3.6768407320000733
240,wide,743618.6030296521,98.20383973650084,7228.676843843955,1956.22788561249,92.77531271587,78.27481631157275,1,1,1954.2920970321727,630,9.479968335999956
241,wide,264494.2162390909,137.8759590492441,3347.765523152493,1087.4692498611557,174.9342007467028,42.145446813451876,1,1,1086.3848920616495,637,7.141526007000039
242,wide,517768.88145953533,163.00591579174767,6339.294656373499,2467.4445664674795,165.9213276335098,67.96327004608125,1,1,2464.9843809763815,660,9.070660449999878
243,wide,198485.15956240665,136.10420380565796,7125.80756372842,1567.8365274513737,nan,0.0,0,0,2.0,2012,2.008137189000081
244,wide,206315.01269850097,91.51813659175583,3373.2961557843787,2360.6669600456335,nan,0.0,0,0,2.0,2012,2.0154514710000058
245,wide,167820.7758041049,140.83843899724593,6461.729740919936,607.880626788452,nan,0.0,0,0,2.0,2012,1.8703357839999626
246,wide,335344.5234610288,74.87489265855031,4327.8217552909155,1880.414371190627,206.6566402131851,49.585925717819535,1,1,1878.5666671501895,691,7.843354375999979
247,wide,708118.5876837218,37.2449727815296,5395.4601360881115,2332.5200836716153,112.28908018626568,72.24839177078029,1,1,2330.2170433998513,643,8.956037811999977
248,wide,717505.2643405499,129.82264799651762,5737.115224250542,2942.589656521379,144.57775503318234,79.0244285552458,1,1,2939.687515246713,654,9.274011410000185
249,wide,435612.56351091235,39.69322801328151,5947.363027746962,1398.3106399780902,112.52086160023073,55.63310461657569,1,1,1396.9152610601718,621,7.454178559999946
250,wide,768279.3605180428,47.67327579903318,6982.155472628112,1212.3224438975728,55.247051243506306,75.87179487118554,1,1,1211.1102228817135,610,8.154484916000001
251,wide,763305.7596024841,59.28831897763774,7246.552202442604,1157.284327426538,53.404694806713785,76.70278880141898,1,1,1156.1293719486023,600,7.656534581999949
252,wide,198126.5254823644,40.51929742212698,4875.143921132878,1407.1510934198554,nan,0.0,0,0,2.0,2012,1.9031469589999688
253,wide,411705.0431132687,43.84182037712031,4590.196423537402,2798.428112274331,234.16193037099586,53.993063340337805,1,1,2795.6845079311875,708,8.84113633600009
254,wide,544888.9026145826,128.34662352624582,2879.984654446751,2914.9532278695215,169.77037089480604,70.12024964764916,1,1,2912.084591003645,657,9.004601210000146
255,wide,698315.5439377018,55.826293868613284,4094.019906166605,2287.8048829968275,108.44804910504322,74.403293045386,1,1,2285.5344826617606,638,9.142524859000105
256,wide,646603.8944548863,94.85218657968329,5883.231126049043,1255.7552606363886,65.18226005307856,73.78535160167965,1,1,1254.5195628189606,608,8.25422602499998
257,wide,354358.5571986339,124.76355230419917,4954.879559469151,2642.6898727536704,281.35315892381226,53.48429469063902,1,1,2640.095781220048,741,9.575706975000003
258,wide,617231.4434162729,178.94338469531203,4683.473829980972,2716.743896381597,147.1577339247599,75.05871829995095,1,1,2714.027628703067,635,9.629093570999885
259,wide,501271.2420864511,45.61947684604178,2004.2924647383065,2166.5407830197946,129.52839706212137,61.999469370678064,1,1,2164.4147770002874,629,8.276705067999956
260,wide,230055.68452145753,124.2719814267491,2607.9842153553236,2387.7336553151627,503.92502811421207,33.183353142951574,1,1,2385.3720282201775,932,9.385423378000041
261,wide,685669.4657556455,116.40900707108398,6317.464841249579,1518.2420326866172,75.4020753150922,76.74620902603337,1,1,1516.7508485626045,618,8.571410898000067
262,wide,710817.1277192591,20.86274005904388,3236.786017483674,587.1507390806303,27.67914528028267,69.79761117865205,1,1,586.564497699101,568,7.113642886999969
263,wide,736790.3489286314,171.54302460188208,2449.8431876229724,1121.7496216714899,48.86457155166113,83.05241532599231,1,1,1120.6285167012932,598,8.184817821000024
264,wide,570643.4409122601,72.73151398323427,6680.183814677114,2226.9462663016525,134.87100423409268,67.46870063133468,1,1,2224.7417270043775,638,8.770972037000092
265,wide,655506.648913256,125.4458114990273,3496.8564548182994,1185.6672154419025,57.70676124058312,76.49853203244567,1,1,1184.4970964156755,590,8.216989451000018
266,wide,572962.6615008854,169.15105488456715,7001.815741699193,1198.5359804519715,72.5535474522744,71.65078469654685,1,1,1197.3449460766253,603,8.209771438999951
267,wide,674902.128186411,115.56869631257308,3321.2853995307355,2426.0566799350668,117.03705931831428,77.26518866676156,1,1,2423.6611376213164,636,8.610513489000141
268,wide,666733.5765760893,199.12106435086832,3303.3574753040803,675.6719030576463,33.52974588553003,78.80181362994597,1,1,674.9965261243964,573,6.732967565000081
269,wide,251058.62442511023,56.78283723642195,5003.781764808977,1017.2047989023486,262.3312587003332,30.271894732702776,1,1,1016.2028844677426,687,6.885710349999954
270,wide,290244.35335054324,148.38197886025046,2563.4608825236696,544.9588658706898,69.02952713369709,40.69936666956463,1,1,544.424732936613,556,5.729120107999961
271,wide,441442.4459226843,57.501781508711446,7672.178988072453,1703.759218201126,147.01129648837028,57.69840117295556,1,1,1702.081970292065,647,7.905189894999921
272,wide,496671.03042316023,48.57923579678912,6756.223663947255,2036.648233206003,144.16664441136555,60.73561779177012,1,1,2034.6391449529951,647,8.300220308000007
273,wide,328912.29443988414,193.43807802419488,7362.326644727759,1170.2525837954358,178.15108303817817,45.42192373809166,1,1,1169.095685087868,640,6.863528421999945
274,wide,526920.7484382221,67.17670188148314,1910.9169107904659,1532.3430120762584,86.28184915389616,66.08400101543366,1,1,1530.8130133079521,607,8.292536018999954
275,wide,234944.36741201248,51.40849688191675,3163.1424796580636,2418.5153254477336,532.6586445720627,32.98090125293367,1,1,2416.134164993781,945,9.214863081999965
276,wide,327916.1997473214,93.86311096502918,4661.402286335498,965.6750578738745,113.57176597742128,49.625816268385975,1,1,964.7096631170108,602,7.039854235000121
277,wide,482666.6406808504,107.93049301846138,4216.559188741217,1429.054716286171,94.57976633753249,64.54314173118986,1,1,1427.6523684919584,615,7.906893114000013
278,wide,340699.79920286906,46.67041082992046,6442.646675119872,2617.859672003908,337.44462779132266,48.03193957416752,1,1,2615.2538979774945,800,9.16115012399996
279,wide,403074.1329761359,143.84458713336522,2983.7144639221424,921.1683547531068,72.2251150518552,59.74273267171941,1,1,920.2611410137835,595,7.551228857000069
280,wide,412224.92489216727,93.74164360275847,7746.284816188239,2570.1495597192124,253.73784111743828,57.44439980115692,1,1,2567.6048661536497,733,8.91099956999983
281,wide,375705.0385363181,99.927729253134,6929.7177385991845,1457.855867657629,157.9138777635893,54.6849887191137,1,1,1456.4035962160544,648,7.662389522000012
282,wide,346206.8819035611,25.881811455187083,2557.131092017473,1922.2934760038986,178.2219889522867,48.27324445958296,1,1,1920.3842976797691,663,7.478963702999863
283,wide,551271.8620768932,173.22328345001534,6904.933007265253,866.560680070124,55.526261229802216,70.23447526390171,1,1,865.6983989715698,588,7.37605706699992
284,wide,731320.6645759529,194.9827984900984,1167.5798403990746,2437.08409383682,106.62782027848459,84.11925485987986,1,1,2434.660869473054,637,8.942682347999835
285,wide,344507.7533824285,174.9438884618826,5978.048617780544,2239.251201565356,269.14404374983616,53.34479831148257,1,1,2237.0501657174023,731,8.598235189999968
286,wide,795547.4849692284,30.522615946629976,5062.796117391055,1786.6821578551987,76.66699493177224,74.92508871328738,1,1,1784.9091591244073,624,8.042876557999989
287,wide,652686.316662757,130.73595377129652,3767.692384712107,1286.8131254731752,63.1327080616758,76.31706501396734,1,1,1285.5434911293696,597,8.279858138999998
288,wide,237680.79630911828,92.62920078358974,1902.1111434250852,1229.9325375324042,208.60152329794713,37.09964117748209,1,1,1228.707964042286,668,7.242621340999904
289,wide,692024.503656583,175.46816562737052,4040.1899745290725,1446.0759546767722,68.00917569688687,79.68830381447289,1,1,1444.6526425261209,605,8.474200595999946
290,wide,200928.92576372216,157.70881634530082,7324.184465717819,780.9791712681604,nan,0.0,0,0,2.0,2012,1.8990714879998905
291,wide,294128.23061840545,139.50176006234972,7923.063023002761,2801.271697841313,712.997372783117,27.756039512777605,1,1,2798.5092070550004,1107,10.038350529000127
292,wide,538433.2697008546,187.09462441258134,4031.302591669492,1301.780704146397,76.69284680682014,70.6983710748915,1,1,1300.4986123156195,598,7.674838382999951
293,wide,193992.69465143376,120.82090931495783,6252.87059280592,1630.8085950629222,nan,0.0,0,0,2.0,2012,2.0140394210000068
294,wide,774127.2188439198,102.8685953296332,3485.470153455988,1282.2927185150502,54.53556961557488,81.67508892777843,1,1,1281.0245019492604,599,8.471687166000038
295,wide,474669.81934185314,172.25190843435482,6007.150507454416,536.3313245857537,41.85357491501254,62.113052959785875,1,1,535.7979744402642,567,6.699381527000014
296,wide,294580.55513222754,95.7194421013977,5242.909792369327,804.3555355909373,127.73040019519586,44.821200200785356,1,1,803.555920146841,599,6.578224076999959
297,wide,338150.5535991032,147.20631033510955,5267.972383684029,2929.076936284216,349.1608266646951,52.51358940006406,1,1,2926.1752263259887,805,10.131873011000152
298,wide,644449.358733806,74.3606904526005,1740.5599170707233,1970.3672210221507,94.03617245116821,74.20983881224409,1,1,1968.412454333526,627,9.005840051000177
299,wide,641450.4781064827,126.84375252032756,2631.3546953932173,2514.9441010278438,124.95389654745891,76.31211855074082,1,1,2512.465201057802,636,8.925208016999932
300,band,246138.42217871555,113.61145084099587,6028.845120653007,1077.6431383022496,nan,0.0,0,0,2.0,2012,1.9736280859999624
301,band,198504.08279064303,105.14802367411473,7949.674134440702,1882.8406387113832,nan,0.0,0,0,2.0,2012,1.8466864890001489
302,band,169514.43712282178,110.46893109125355,3266.552674922036,634.2856843931108,nan,0.0,0,0,2.0,2012,1.92987139700017
303,band,258252.21475453244,132.32552190598614,3386.516031544574,932.2126976481971,160.46457182585064,39.187807251679445,1,1,931.2885860046055,598,5.980031874999895
304,band,265395.26359587343,98.66818743341113,6823.850469637953,1254.4142746617476,nan,0.0,0,0,2.0,2012,1.9146620659998916
305,band,251270.91489564115,107.16481449923424,3087.0014505045165,1508.9422420311148,265.797046319688,38.535167641817914,1,1,1507.4396308402027,684,7.130974197999876
306,band,278386.57435814047,112.53660145637353,5781.186599654549,1407.5836161239208,283.23696506352474,36.92102442285781,1,1,1406.18844133284,722,7.639470168000116
307,band,242706.61764447438,91.59296012405557,7173.743426634998,2709.7117501823327,nan,0.0,0,0,2.0,2012,1.9787833010000213
308,band,240692.8102945605,43.10363956095942,7926.636204826515,2620.427001066653,nan,0.0,0,0,2.0,2012,1.954059894000011
309,band,231631.85655400803,186.75291022049944,1354.6541295732604,1836.8520543435416,307.4542137620663,37.852684424712415,1,1,1835.0418145528865,747,7.997729818000153
310,band,222435.12327146728,160.65190871730616,7965.3929240464395,1398.5152861337715,nan,0.0,0,0,2.0,2012,1.9008491179999965
311,band,245299.98259544137,125.74797138928544,5523.847178829354,1733.612113127209,612.0908071655723,17.736591197819653,1,1,1731.8953317073208,996,8.65068224200013
312,band,166840.07657913232,196.15145658265942,3714.2792193054624,1556.125324901233,nan,0.0,0,0,2.0,2012,1.9137602180001068
313,band,184347.9776481884,47.26622835641716,4946.536300469741,2829.618868977682,nan,0.0,0,0,2.0,2012,1.8871540019999884
314,band,254327.88305707095,199.45006223201096,7318.93368419665,1035.8143222303236,nan,0.0,0,0,2.0,2012,1.9124841369998649
315,band,188594.64419365325,82.0416141016587,3576.9687313087247,1544.9527539769729,nan,0.0,0,0,2.0,2012,1.901773587000207
316,band,262008.9740811917,134.2371283430775,2339.9510960548546,2071.013329910886,302.22652502575056,42.69821663683897,1,1,2068.9433950579564,762,8.45465251099995
317,band,210974.55710194126,38.99777112165562,5108.961068321197,941.766583079311,nan,0.0,0,0,2.0,2012,1.8672566339998866
318,band,170774.86204680902,150.30542264150543,4809.719749701819,1197.6981677642823,nan,0.0,0,0,2.0,2012,1.8320227879999038
319,band,244527.45254365186,171.946947063217,5498.277586412623,2200.407891287507,791.2105901037096,16.581279762042087,1,1,2198.250161090064,1170,9.7511032230002
320,band,274608.3398826749,185.3201516683843,5644.274016609766,2415.2235789222946,502.82141556812496,33.40266186529472,1,1,2412.856023390259,929,9.66013223799996
321,band,262420.40961641027,150.84697825363438,4071.0173462319817,2956.8824373831626,548.9419167872704,37.86579554345374,1,1,2953.961230922432,943,9.96262662800018
322,band,215873.84639849633,48.40921379516159,5343.835637042484,1709.9665080283398,nan,0.0,0,0,2.0,2012,2.172048349000079
323,band,230846.6149853198,53.63098541970251,7021.811256823657,729.6323435943101,nan,0.0,0,0,2.0,2012,1.971086434000199
324,band,267645.54771130753,119.31201680806922,6589.688361242426,2573.7619148441013,758.1326759135222,23.419069863944777,1,1,2571.23663281808,1151,9.82449601799999
325,band,178534.08574589447,36.68003439508618,1142.5630462633865,2047.6522669088256,857.2551033605488,14.845824924523768,1,1,2045.6369565913024,1189,8.321253422999916
326,band,294389.57325336064,145.53661236687168,7660.037597295317,1737.628849874438,408.0379690858474,30.01431315567403,1,1,1735.9102240012066,822,8.465071336999927
327,band,305089.7440490903,133.31715697066645,6055.450412377134,1520.1724375607896,241.08315495549652,45.18530911077672,1,1,1518.6610638844234,697,7.659819941000023
328,band,214252.11166429252,174.06277794942014,2199.997755931644,952.3937455329714,232.21077216793438,26.5189014404719,1,1,951.444468007691,649,5.8566212890000315
329,band,269911.8301128448,76.07212172998828,2585.967486968573,1871.827061306149,263.2782507919311,41.579622207467224,1,1,1869.9602947913847,723,8.208862738000107
330,band,208352.13535357104,66.91473398156262,7287.056206311831,2022.9171596075137,nan,0.0,0,0,2.0,2012,1.9571492219999982
331,band,267182.4279724495,181.02889312955082,1299.757497913767,2637.2534471661606,336.83155826102814,45.02568708585447,1,1,2634.63404505843,794,9.28012868399992
332,band,219457.15936585143,156.14831937412444,3417.2832072263986,2090.7138054668994,659.8997753178833,20.18664115671613,1,1,2088.6233355085506,1055,8.443372275000002
333,band,264458.62434979324,166.0011171021781,2058.44544577542,711.6801407976304,99.65982822436709,40.11806334743806,1,1,710.9730752012266,575,5.807274199999938
334,band,172778.6294349709,92.72545897206628,4641.793737453999,1432.738970600149,nan,0.0,0,0,2.0,2012,1.9243947750001098
335,band,290545.6800823194,148.37186388374246,3532.2566095817124,2345.334272241707,316.70970759547333,46.453916690655504,1,1,2343.018226687781,746,8.660210171000017
336,band,226543.1741810394,21.336050624539606,2261.9343419867564,639.8464966729293,132.24788700720384,28.853040793764936,1,1,639.2169367224276,600,5.978648237000016
337,band,311215.8304107825,123.20164146995586,7395.305134512504,1891.913197064605,341.43702121982136,41.201334624365984,1,1,1890.0490663754515,781,8.40197635200002
338,band,161836.29381031916,120.4165774571366,3339.695381775916,1459.3866403894608,nan,0.0,0,0,2.0,2012,1.8453683110001293
339,band,273600.9910839294,85.42429034198712,7638.370537592263,893.5736585160333,nan,0.0,0,0,2.0,2012,1.8071885609999754
340,band,291906.88023179566,191.7643841157176,2547.2393730560184,2606.3511371804925,319.937345653306,48.3184057072996,1,1,2603.7697956168836,764,9.628468543999816
341,band,255025.03628539082,76.78436566070775,2180.64478220259,2541.4277025839247,387.9969883176145,39.37032119942421,1,1,2538.8951128711838,837,9.564291668000124
342,band,268243.43303012825,192.71467841990687,6562.290265194432,615.3393351616788,187.1432295326283,21.169744067442785,1,1,614.7330446163883,642,5.723241191999932
343,band,204691.26857762903,153.92393533945506,3454.476074830517,880.6145253279412,nan,0.0,0,0,2.0,2012,1.8552210240000022
344,band,299284.4799423778,30.901851496277978,1499.4538992653263,1148.9205872673235,121.47169213037432,43.38461636544686,1,1,1147.7823118851963,616,6.843531720000101
345,band,181984.1397727795,189.86996060453092,7714.074943983733,2557.083069431851,nan,0.0,0,0,2.0,2012,1.9464459770001667
346,band,193757.03709257828,32.64982492214574,4412.143287616707,1643.6504148346637,nan,0.0,0,0,2.0,2012,2.006888801000059
347,band,239296.8092096935,175.176924559905,7200.885731106763,1418.784608803991,nan,0.0,0,0,2.0,2012,1.957524469999953
348,band,279223.4983064182,40.964439646402354,2139.097281505349,1372.9755680857456,171.86957143135282,41.47927215838043,1,1,1371.6235021264158,648,7.3163202369999
349,band,235268.5542846105,87.4463973479625,4357.994311001795,2512.2853462590583,750.4571438646072,23.95103566110582,1,1,2509.8057141144445,1139,9.481457619000139
350,band,168129.2629162395,37.35224160252403,5092.931408963994,2911.772254716492,nan,0.0,0,0,2.0,2012,1.7866453350000029
351,band,191866.78598288182,22.97692051262966,6272.634396185751,2989.8704251804816,nan,0.0,0,0,2.0,2012,1.803077108000025
352,band,263231.21552127635,169.7134741138065,6303.446998385166,901.6132414150388,273.4553678072308,21.8637720287248,1,1,900.716064000578,710,7.1113735629999155
353,band,167781.2607743985,108.45177698364806,4393.650397679101,2009.2050832486218,nan,0.0,0,0,2.0,2012,1.9412858549999328
354,band,217884.96200181195,88.62678054405448,3504.6952391055684,1919.1689532660043,653.4216480216431,19.64954255268617,1,1,1917.2551502899494,1038,8.532583133000117
355,band,173001.77923949313,173.2378611143562,3879.2229624565525,2963.723124454218,nan,0.0,0,0,2.0,2012,1.8942052979998607
356,band,227935.91316989705,68.33661821075846,3774.0558539334834,2326.3219642173663,677.7450144356698,25.180262777868066,1,1,2324.0003622563977,1065,9.149625203000141
357,band,177722.37161802308,115.89613223270543,1217.0472240133959,605.1514023661488,276.1043310328257,10.879180029002523,1,1,604.5550352372767,647,4.675156020000031
358,band,223914.98051387077,70.54028547818733,1580.617820959375,1487.324972107337,278.4367590423282,33.58438247470208,1,1,1485.838823562963,725,7.6753519300000335
359,band,290234.5857845213,109.79843487662411,6947.854509373081,1975.4853698922832,425.416440044668,34.8738667760456,1,1,1973.5350015149868,853,8.457270852999955
360,band,195657.31623559256,143.69758986632775,1959.151245403236,975.7055850711808,333.8477137140535,17.644001547683104,1,1,974.7309266121972,726,6.036695167000062
361,band,258763.36103378944,51.19220710625023,7529.709847843655,1383.6404259294127,nan,0.0,0,0,2.0,2012,2.002762153000049
362,band,302595.17722714355,163.21631667328833,6453.744184659072,1674.6278225919598,287.0023950966384,41.28767816880337,1,1,1672.9562630961614,732,8.33216427299999
363,band,292106.4338721599,194.91675319640242,5167.3326541943015,1533.308849924451,243.65990915352842,42.77117383631785,1,1,1531.7985555063665,701,8.184095601000081
364,band,266240.9494301019,137.09067061811987,4497.813294805211,565.207157794857,108.59168443104852,36.22104638828799,1,1,564.6443721749647,589,5.740966432999812
365,band,314563.49226575333,31.842811467583935,1648.8639324612072,2747.184768386432,280.39395459329535,45.77717918357532,1,1,2744.487707053551,753,8.450437832999796
366,band,304776.01849594724,54.67724864215984,2715.0848060121552,2783.195527523821,322.8558433440297,44.808252400817466,1,1,2780.4593450889456,785,9.00399403900019
367,band,182772.33711037022,100.8689153061326,7590.94440713677,2114.5423041535532,nan,0.0,0,0,2.0,2012,1.8878484350000235
368,band,241354.78262176353,193.2187238167944,7850.406168948534,2808.8816825787617,nan,0.0,0,0,2.0,2012,1.8676221700000042
369,band,251159.53605747467,97.93005327772374,3035.5540724641396,2715.4993821120047,483.06591967574286,38.98785766152514,1,1,2712.8008335404534,912,9.800702164999848
370,band,185838.76423013746,121.3499952002966,7736.855812449336,842.3553648184326,nan,0.0,0,0,2.0,2012,2.0060264020000886
371,band,180710.6739967476,73.26284324808498,5575.317281831719,2770.4755955656674,nan,0.0,0,0,2.0,2012,1.8321180990001267
372,band,161545.47860356065,33.990567794412456,4613.892300552004,1344.943128842118,nan,0.0,0,0,2.0,2012,1.96469380800022
373,band,301175.9403084173,27.5483830968187,2647.5590455114966,1176.9046184924546,135.03542265008775,43.20449567427753,1,1,1175.7453057791809,618,7.227593652999985
374,band,194811.7611367344,179.90280770292492,5975.989777332054,1718.350238322309,nan,0.0,0,0,2.0,2012,1.876376700000037
375,band,280941.21515055496,183.65375117068032,2250.9610897997045,1241.52689185422,155.7568869215643,46.58409705718605,1,1,1240.2893304572638,618,6.9493644140000015
376,band,289122.7082938946,79.1018919250312,6727.152448448166,1695.5950245805116,354.0899691434327,37.54059878804134,1,1,1693.9114327688787,794,8.112661389000095
377,band,305774.3989036295,158.53818239889506,2917.723145489518,1804.1689654188672,207.7302816902285,49.18025381580086,1,1,1802.3973229763592,666,7.945853743000043
378,band,166253.53952342342,114.85840554256212,3995.13928816407,1902.3716383785718,nan,0.0,0,0,2.0,2012,1.949163537000004
379,band,241773.73882781103,22.438210504265086,1902.9438367552875,1449.2360903977037,236.0652962390684,35.503088258683924,1,1,1447.7869205023742,691,7.590568939999912
380,band,202850.71839104177,97.00422275345754,5209.379782308846,2428.258337738778,nan,0.0,0,0,2.0,2012,1.9835075949999919
381,band,206593.3142941494,68.87152656819433,5878.398179390911,2182.176752931593,nan,0.0,0,0,2.0,2012,1.9107543359998544
382,band,203826.67104696584,66.13274013523252,7797.418701639259,1572.960439132368,nan,0.0,0,0,2.0,2012,1.91901486200004
383,band,199794.41462425704,65.41014512083834,6520.7260695596815,756.3841821278796,nan,0.0,0,0,2.0,2012,1.8685461520001354
384,band,282477.7485210739,118.70923494665912,7417.8605093621445,2317.7240562407787,637.2128176283993,25.592829696452764,1,1,2315.4467590919207,1039,9.279923553000117
385,band,300510.7943503511,25.10388607129244,7495.121115345287,662.4537027376216,141.3129374613344,41.19952276901456,1,1,661.7929561133561,621,6.296715144000018
386,band,187110.03992194412,146.18768758190362,4109.403473935484,2696.4396697006514,nan,0.0,0,0,2.0,2012,1.9237701980000566
387,band,303624.69423715177,152.46904313935153,7239.580709055542,531.7144272428227,105.58533028477555,36.570285334232494,1,1,531.1915176523377,581,5.775799457000176
388,band,181012.97857792783,182.65512537479557,1776.889964618577,2861.7575801844505,1790.1052543296246,7.038994057360083,1,1,2858.9219471287743,2086,14.511481834000051
389,band,232594.3237772282,44.06930098224797,6970.949811802369,2935.9207453327986,nan,0.0,0,0,2.0,2012,1.9039935299999797
390,band,221686.7513370127,84.49746484558976,4759.852238803302,698.9247560888145,nan,0.0,0,0,2.0,2012,1.9164920119999351
391,band,160405.07641684712,74.52615896370324,6143.394943686679,1218.5449372157636,nan,0.0,0,0,2.0,2012,1.936955714000078
392,band,201052.7510281818,79.56415654421798,1919.974475124918,2377.883279571034,700.9202069365638,23.501990500589976,1,1,2375.5227191411063,1098,9.05897524299985
393,band,211507.11756354134,94.9686100201305,6165.53378025798,2756.637954840061,nan,0.0,0,0,2.0,2012,2.080586394999955
394,band,308511.2567703655,130.12775477896116,4835.558309179576,1818.1646370989538,245.15476731923064,48.415548878901674,1,1,1816.3667352673265,705,8.350444491999951
395,band,179303.280778812,134.63066540597882,1331.8116823025885,2581.716779453212,1189.6108572266396,11.806283230430019,1,1,2579.1829250472656,1520,10.850166944999955
396,band,256231.73382478044,123.72921203755277,4958.334470049562,1595.9156574534995,372.3578886739713,30.824644921177732,1,1,1594.3379829079263,792,7.789885334000019
397,band,237224.76788757183,155.3657640301355,6782.411792597546,1781.0614491323017,nan,0.0,0,0,2.0,2012,1.8516744169999129
398,band,271853.8377953096,172.3412792223291,6875.153947786869,2031.2794346885428,592.1542720740167,22.146996694059315,1,1,2029.2676588170868,995,8.364793186000043
399,band,216807.53412019016,103.80317688114108,4153.595955337396,1047.208257804175,nan,0.0,0,0,2.0,2012,1.8100836399999025
400,band,176787.9126173839,83.81779400898995,2303.319893567073,2188.148616764558,nan,0.0,0,0,2.0,2012,1.7801086249999116
401,band,309618.61979277723,144.69782258677395,2023.895206500552,714.7759665042458,76.6993331974923,47.517019626404455,1,1,714.0625966790587,571,6.178118289999929
402,band,249556.02193691832,168.9101954705904,4718.148988299861,2845.1440989899147,711.2035871370025,27.45600270672179,1,1,2842.309655819039,1112,10.139269689000002
403,band,275610.07878703147,91.08459872365741,2113.6071687490326,560.6716283455067,74.12848520724505,39.089172879917115,1,1,560.1205438982325,575,5.897574409999834
404,band,283609.98592342803,35.362564451587545,5913.571000278222,1580.6048720085578,305.2788221922006,40.311074401673565,1,1,1579.037891440958,754,7.650037043000111
405,band,170149.06340821306,159.41002925861068,1053.8141889688507,1294.0397169205191,844.5794818265754,6.473544140184747,1,1,1292.7508568753672,1168,8.597459759999992
406,band,185341.49093993855,52.34703336247593,6882.199473690561,542.1349459932338,nan,0.0,0,0,2.0,2012,1.9004589880000822
407,band,269145.8962142643,181.47693836584085,2799.213934069414,2592.573620834399,380.5499248915192,43.96291871259913,1,1,2589.9849912281093,802,9.253213813999992
408,band,295473.6570061528,198.85844002183447,2639.282411882674,2892.75116390861,352.66026786541147,48.9195254567389,1,1,2889.8902544642415,794,10.115306607000093
409,band,288154.7304655105,186.1139511943914,3151.0764676040494,1236.7544289414527,161.5170578399849,47.03606925482386,1,1,1235.5347349994433,607,6.863751864999813
410,band,224391.33948296908,131.32440506051,2966.8027537780717,1961.4612109392833,486.02396981175605,27.961769351723785,1,1,1959.5372078208159,905,8.80238654499999
411,band,282230.2841815316,139.00166067677293,5407.938882911561,1058.5408949172252,191.92803927380564,39.819173664596796,1,1,1057.4887709722573,642,6.4752972630001295
412,band,200371.49628856164,62.739683690234465,5601.148168613105,775.3562749501195,nan,0.0,0,0,2.0,2012,1.867833532000077
413,band,302388.2364143545,188.57517067122427,5433.747036945932,746.398322846455,114.48560949730377,44.60403149663337,1,1,745.6528772278167,596,6.161884477000058
414,band,191150.07599099888,28.78042108116438,1598.2280086362246,1201.0800210102677,402.07376835518306,20.131789132717962,1,1,1199.8859306847346,799,7.053116802999966
415,band,233637.89284567567,93.34535310964318,3934.912365220135,2224.2198097774594,602.083175527477,26.738272106928903,1,1,2222.0103207365464,999,9.008365559999902
416,band,272561.00334886607,157.26609453144104,5042.573767781276,814.0998343657513,156.75415067757925,37.09883839920172,1,1,813.2880760758547,618,6.198304465999854
417,band,218808.01458134333,71.49173646316626,7780.918218505905,1087.832422133314,nan,0.0,0,0,2.0,2012,1.952279666999857
418,band,220852.08629833855,111.49633968677783,4433.483150044019,1267.39918680747,nan,0.0,0,0,2.0,2012,1.9666600650000419
419,band,317294.8673520911,184.39115618514074,3643.6432507285517,861.7748838182808,99.81781196517036,50.615156373992036,1,1,860.91584689563,597,6.835590111000101
420,band,214574.40839014825,80.95053428743978,7447.667188010904,2685.8874950990735,nan,0.0,0,0,2.0,2012,1.813010623000082
421,band,286018.977807198,35.17775100252385,2767.7349943295467,1941.2807977715318,248.63068933484098,42.04212982293524,1,1,1939.3783201627698,713,7.8422632239999075
422,band,276371.817483627,129.66326580787657,3172.0986293358837,1313.733215138125,186.86218391716142,43.98239633138602,1,1,1312.4210270852448,628,6.628133097000045
423,band,306440.334350281,149.17881516427454,5286.36966606497,2822.7371791531145,412.2834377996143,47.67716574749827,1,1,2819.9290380948023,857,9.924143059000016
424,band,250246.5782654369,86.01780476667508,4264.455035968409,519.577216711269,117.2003772125805,32.30857614988939,1,1,519.0678479951175,580,5.278270088999989
425,band,296263.8256838665,56.29023714359918,3677.7900078501966,1769.865334852856,230.81255392977292,43.57368219003255,1,1,1768.0987567477298,688,8.405009984000117
426,band,164052.1001824141,197.149134864098,1128.8207191926472,2226.3457335841704,nan,0.0,0,0,2.0,2012,1.9535577809999722
427,band,197106.12175381818,194.08955770347617,3852.675882858818,2983.8466967450486,nan,0.0,0,0,2.0,2012,2.0151400690001537
428,band,247462.1061824949,44.697603386487955,5712.776044248358,1155.8677762924476,413.7214909302457,19.905029129240745,1,1,1154.722768510159,812,6.940153718999909
429,band,209962.19519223575,46.42635864861727,5684.588643878844,1137.0161616952394,nan,0.0,0,0,2.0,2012,1.9967991819999042
430,band,209549.70587774925,94.32376358996763,1085.512011096179,1627.5844853629624,333.6045897974628,30.976735850105175,1,1,1625.9804530742426,760,7.380356092000056
431,band,193234.95837078706,82.24091850016421,4134.184365380277,1111.369048122436,nan,0.0,0,0,2.0,2012,1.8758450359998733
432,band,238371.45374615933,89.73894896805626,7112.744370492166,998.8162684682318,nan,0.0,0,0,2.0,2012,1.8700123979999717
433,band,228535.43329946295,165.09272355321036,1840.5020382413772,2486.8372424277254,467.30782205988834,35.295570345606876,1,1,2484.384566405628,880,8.997667903000092
434,band,202357.35453047144,122.53822634047697,2527.5540709000047,2457.785753091369,886.1498162035662,17.267855388370062,1,1,2455.361867629347,1236,9.277041718000191
435,band,257371.327790345,58.88976140546701,1550.7605095965703,1758.148291162739,241.9502915439436,39.19784280145699,1,1,1756.404943574545,695,7.7806085930001245
436,band,297305.99896293116,142.9152834559875,3616.9212603236683,2266.5142387963065,294.501988646926,47.1875078214327,1,1,2264.2761429532115,723,8.388900954000064
437,band,183560.73710274944,107.61555537436743,6234.658321795724,2446.1554751054264,nan,0.0,0,0,2.0,2012,1.8408829809998224
438,band,175616.18890790385,102.10708171832057,7862.092302758627,2053.1645875135064,nan,0.0,0,0,2.0,2012,1.9378246010001021
439,band,295015.38981023966,24.140219623596927,2935.0518064107973,764.3198391983772,94.38583378800698,41.1240300685935,1,1,763.5682010855058,591,6.470963648999941
440,band,174988.98616275584,53.11988082910256,5264.470915043081,2728.8322044355036,nan,0.0,0,0,2.0,2012,1.8955763320000187
441,band,225446.9335906948,69.79720567592642,6615.667891520354,2940.0922300877987,nan,0.0,0,0,2.0,2012,2.009695818000182
442,band,280474.27615340357,64.46972154164325,7057.495134852893,1610.3402970182021,413.57559404476496,30.431319674314203,1,1,1608.753805200671,835,7.711942384000167
443,band,233280.4271838317,59.99954457593726,3945.8530501210594,1844.964743158562,502.3215685578207,27.812607457557345,1,1,1843.1390734788508,918,8.007719220999888
444,band,196514.56369831486,72.51036995556083,6410.866089773134,1307.652078739602,nan,0.0,0,0,2.0,2012,1.8680698900000152
445,band,229169.35920602444,26.129622306235888,2714.343855905213,2169.2434637787555,471.598399744102,31.475170411669232,1,1,2167.087494282138,888,9.23384173799991
446,band,243539.35632389467,113.24425436328454,5817.522049451838,2405.846737877123,nan,0.0,0,0,2.0,2012,1.9246411900001021
447,band,205455.8475505786,177.43783924367312,1824.4344720415575,873.0446659918007,226.51751588977103,24.06643886557996,1,1,872.1790365087193,641,5.846676862000095
448,band,246966.9442911782,168.17056847877305,1026.3784816159805,1168.745986653307,163.63257537006368,40.97816884827163,1,1,1167.5798947237836,637,7.1157640500000525
449,band,318689.608851457,128.77870262902212,1668.6037858552072,2654.474268616785,266.08151182688476,50.56913569307439,1,1,2651.825027302916,731,9.640044794999994
450,band,236006.65394910652,95.74843083233898,7141.246076177091,2666.3795603568324,nan,0.0,0,0,2.0,2012,2.0146392770000148
451,band,189925.54635770002,178.2925950834304,4991.496150815736,1796.374975876057,nan,0.0,0,0,2.0,2012,2.007718637999915
452,band,162946.62889342848,55.95202449490929,4238.921208715441,1021.8010669763123,nan,0.0,0,0,2.0,2012,1.9197630740000022
453,band,276952.39493826317,167.0912882107498,6750.582941372355,2521.5689380559866,644.8531144347496,26.66183838915206,1,1,2519.0749933772954,1044,9.713056456999993
454,band,293220.91262800037,140.20177827410458,4877.955796548511,2144.015637941783,327.74713170751886,45.514278311119334,1,1,2141.9069979762585,780,8.898077574999888
455,band,313168.5602760957,147.1757704475563,4208.206514068443,2108.0011808559293,261.06132211360483,49.99491489917021,1,1,2105.9255171319637,730,8.3696392249999
456,band,213162.27974447247,136.21462796673924,3126.6520675299853,1990.003949726594,665.5238113628311,18.96501020514562,1,1,1988.0193387358731,1056,8.47982802699994
457,band,255352.5110992065,42.384574833513184,6340.475485251942,923.5268975680117,nan,0.0,0,0,2.0,2012,2.0623688160001166
458,band,278793.7972107723,190.2209953069808,1702.3767698702472,1623.7282520205472,196.64725422029053,46.839277098799336,1,1,1622.127266713247,666,7.791398984000125
459,band,271153.30576259154,141.66777048976542,1489.2397051417645,1652.1092559578306,205.67594150234862,44.514641573890195,1,1,1650.4603138066216,668,8.041356741000072
460,band,319682.4061114618,75.20665990379663,1422.7577174838536,2359.7359712002944,229.94293711704512,48.306041888437505,1,1,2357.408964101907,705,8.523663290000059
461,band,286630.8524623223,20.378493275799965,6184.702906490099,2154.546110936793,422.97965987703,39.382442316056554,1,1,2152.3955990759787,865,8.713203174
462,band,316217.921332756,29.94776820185675,6655.780889815556,2282.2665712336184,357.10046132600587,44.06570114080023,1,1,2280.028497588695,816,8.725785029999997
463,band,174336.22941685034,178.55809606418234,5147.076097748962,1925.0767852135405,nan,0.0,0,0,2.0,2012,1.8809106409999004
464,band,261314.95098843367,56.99405545169948,5955.238047599567,789.5662174267327,222.03389845283212,28.22193283207271,1,1,788.7774896740532,672,6.246056093000107
465,band,273449.2025038138,49.633934882395046,7360.513214759831,1464.591550462496,nan,0.0,0,0,2.0,2012,1.9267513039999358
466,band,238514.57033853815,58.55480535472318,6099.5802196664845,2879.3850576596187,nan,0.0,0,0,2.0,2012,1.8946722309999586
467,band,216606.18805451662,49.84485574492983,6988.956721161779,2534.54941670865,nan,0.0,0,0,2.0,2012,2.203991968000082
468,band,259915.65231044937,154.6338729043267,5849.072827345174,2470.1916611251663,684.2103314998733,24.331811892370926,1,1,2467.7657836258136,1078,10.0151824080001
469,band,212337.16854132205,170.30532651040073,1412.0500930822236,2300.670623925763,488.5946170072478,30.861037056100592,1,1,2298.4134843396905,897,8.769721288000028
470,band,317805.5980978437,197.7395503568286,3229.988922213757,510.63541832997043,59.36210009932598,43.94931080082485,1,1,510.1299468847884,559,6.226514533999989
471,band,307905.76250199147,101.87972626445988,2001.0451061859321,1069.5301217712763,112.8967403915225,47.914101335728375,1,1,1068.4614309665806,588,6.7472320410001885
472,band,171743.79583047688,26.437214251511115,1741.6453784655605,1286.4764939999059,nan,0.0,0,0,2.0,2012,1.9278926689999025
473,band,177137.06672313157,138.6497962475396,4919.716944801436,962.8065952571376,nan,0.0,0,0,2.0,2012,1.8865170580002086
474,band,314123.2991958279,103.3907712737132,1202.3768313521557,826.5495464094522,80.83793511690857,48.722068116426314,1,1,825.7307318885282,585,6.941861091999954
475,band,165537.11497643098,124.7772893451549,4680.283852964714,1852.5548605808337,nan,0.0,0,0,2.0,2012,1.9215212320000319
476,band,253269.45343454016,99.54073336170653,3309.3430284616684,2251.618003932369,405.30282990811565,39.097049262485925,1,1,2249.374932388773,846,8.73071968499994
477,band,312796.6890026848,159.8743116676324,3011.4671375708053,811.8516965547467,91.71018698622757,48.59258179243264,1,1,811.0468441719255,572,6.475752413999999
478,band,298392.0999498728,127.79894963372061,2385.7593785596355,2866.1208065290207,336.1533160950554,47.81460651396333,1,1,2863.309547867376,800,9.550270646999934
479,band,298790.00671573024,105.63245053883,6364.761071914436,2915.867575302857,521.7999010616852,42.12777662531067,1,1,2912.995444915814,942,10.152363348000108
480,band,311011.83099227765,175.98087771250613,4022.7910326761958,2078.2099953987927,256.30867539307854,49.64846958150117,1,1,2076.136153674845,694,8.211495630000172
481,band,287446.99483175366,161.71765281428884,2461.2113915480495,1122.2509770035576,137.8750334259349,46.7647865539865,1,1,1121.134944588174,603,6.793431887999986
482,band,284432.8367049084,141.38793853143352,6687.2850794697915,2374.042637572452,529.4010200503408,32.34862852572047,1,1,2371.674434238078,950,9.31439160900004
483,band,198283.0514432361,60.51353815712466,3752.726448377163,1488.7858963660638,nan,0.0,0,0,2.0,2012,1.9691616509999221
484,band,229726.44025868445,38.38290937167079,3346.914983477626,2290.9343118067636,570.4600609818623,30.39110056325923,1,1,2288.664410991616,988,9.394781266000109
485,band,309535.6916161501,88.08484835080016,2412.3584480749087,1332.6354946449396,143.6774987449183,47.663971496225884,1,1,1331.3221042383523,634,7.608283317000087
486,band,248540.71499072821,45.72938516103338,5746.170836413619,665.6638785433591,271.98031599993936,20.439384194060665,1,1,664.9989352506977,737,7.07772927200017
487,band,260152.945949084,117.43974739437178,2481.6513416567154,677.8479772611362,103.15907601703363,38.740361048775846,1,1,677.1739950524858,590,6.397838019000119
488,band,192511.24551359314,135.34887704265464,5327.474900449996,2126.967074675418,nan,0.0,0,0,2.0,2012,2.0639429349998863
489,band,163420.1757840865,126.61134260464199,6489.750998311713,1679.152164643823,nan,0.0,0,0,2.0,2012,1.8943927129998883
490,band,235074.75455808238,116.94882148205669,3807.926571507366,1355.764246652368,342.49572647315716,27.981207784848166,1,1,1354.4210378588762,766,7.555122986000015
491,band,189390.33444296787,151.45869028017736,1277.1948802667239,2490.3140445746103,781.6778922256716,20.008400990782604,1,1,2487.864093073954,1151,9.326718529000118
492,band,315283.30678516487,164.72454281544375,2821.913415835464,2398.0917172804357,263.5168702073485,50.605692610881064,1,1,2395.7265827748292,709,8.921383579999883
493,band,220609.39410579737,61.8282569802007,4570.2132099862365,2645.549823815015,nan,0.0,0,0,2.0,2012,1.897617493000098
494,band,226391.8996354419,29.360996696291934,4314.111169206602,575.8202165875102,230.62956813464967,19.519347543816313,1,1,575.2540141023586,687,6.38757920099988
495,band,207830.08961104648,63.49277181224688,7579.72524048234,1966.9099458900673,nan,0.0,0,0,2.0,2012,1.8913972450000074
496,band,285423.6796475251,162.29976242844677,5471.8900559867925,1006.2288861121655,178.30114310990325,39.83712177881461,1,1,1005.2241655713271,640,6.785634043000073
497,band,252166.36421922536,188.20182548446655,2878.8333718455037,589.2689247030976,102.13830391472248,34.755266892180245,1,1,588.6913360054352,555,5.289328257000079
498,band,205775.97041116928,77.76578760229269,4542.930313430486,2791.564965461545,nan,0.0,0,0,2.0,2012,1.9670176500001162
499,band,187674.24387141044,39.81944853629514,4522.211670303805,2239.6355185397438,nan,0.0,0,0,2.0,2012,1.9402344720001565
500,edge,170558.55085457573,59.209322559106,1259.9212962487109,2355.5616479269956,nan,0.0,0,0,2.0,2012,1.963695510999969
501,edge,182085.1754731438,33.880789457792716,1778.4901587704278,2802.044059273781,1607.8377927174547,9.65989163458799,1,1,2799.278002867008,1926,13.275734908999993
502,edge,177727.0518777242,139.53238399941722,1612.8763918255677,2898.3711450657474,1989.0438940418944,6.236608542946174,1,1,2895.5106628504823,2273,15.998680012000023
503,edge,173025.72828210198,182.76220353362936,1300.4174438928458,2830.384753683183,1999.4363316769718,5.7490957917482,1,1,2827.607087658519,2285,15.755550320999873
504,edge,188178.73761163017,48.325998329347456,1992.5204731700437,2231.481287928106,1050.0731349626008,12.82669710958483,1,1,2229.278009748324,1396,10.359195254000042
505,edge,183373.33725298237,164.97834088102343,1700.3064813276355,2050.344036267994,998.5347444729075,10.478271208564912,1,1,2048.3113477377397,1328,10.043119038999976
506,edge,177628.26824949373,155.39235476697237,1632.2948271474206,2436.137578068412,nan,0.0,0,0,2.0,2012,1.998223360999873
507,edge,186608.6537252283,100.59621149065559,1940.7467113715,2709.8515264122684,1343.3583234876485,10.985570058792902,1,1,2707.17414643248,1656,12.181441220999886
508,edge,179157.9868995399,70.43213953776247,1595.1228401630237,2698.4436625645835,1585.6667589204603,8.628366349834291,1,1,2695.7683890347002,1881,13.620866288000116
509,edge,173042.9827803688,87.66748286787276,1346.6806365692642,2594.3475418159205,1970.7947006671561,5.45305087111828,1,1,2591.794877473696,2243,15.416324662999841
510,edge,178799.54007667748,129.69460261396642,1555.4475967332673,2223.033777655768,1278.1179470533689,8.299634894190408,1,1,2220.8367668532055,1589,11.360486808999894
511,edge,174444.75205857205,147.06743724043045,1241.9758970568923,2745.2666995142945,1578.7638878200712,8.257612434029554,1,1,2742.5330259954053,1884,13.48633933400015
512,edge,167372.44359598143,44.3238984795733,1043.313291029238,2645.7651796735913,nan,0.0,0,0,2.0,2012,2.0293151979999493
513,edge,174412.53170676721,160.97296136338676,1379.9937662316854,2669.510582713756,1829.577836583786,6.115989068628495,1,1,2666.880884010917,2118,14.817227135999929
514,edge,168136.9975500203,190.66427879192818,1124.816550138516,2395.514136857748,nan,0.0,0,0,2.0,2012,2.0637824000000364
515,edge,183481.05221178278,170.5696874132399,1684.5823747883462,2160.186844108045,1034.354339830091,10.73231247142672,1,1,2158.0422664930925,1364,10.572748410000031
516,edge,173145.02987516444,77.04692392452053,1206.984916702169,2799.633336916217,1718.1653924525308,7.966515068282459,1,1,2796.846908226963,2009,13.692280887999914
517,edge,174511.84898600358,82.75401244673043,1196.8544356343705,2852.385305757274,1560.5517489430424,9.539221695151006,1,1,2849.5894403005846,1870,13.395227213999988
518,edge,178866.16008198186,83.940810703659,1534.8570076716228,2110.7027274326247,1180.0217124318135,9.099344877350745,1,1,2108.6280978309405,1488,10.628838750000114
519,edge,184296.33313097843,21.695825070149237,1812.2421349803622,2611.086427758636,1330.5230633318633,12.088366101969223,1,1,2608.514677259153,1652,11.932674684999938
520,edge,168805.43670920897,40.96088258964561,1083.3060265701813,2914.828359852087,nan,5.096945694874012,0,1,2449.5721019854427,2151,14.772601106000138
521,edge,170433.9438574133,143.81851959646346,1056.289144205906,2182.6734822837493,1399.1800579274109,6.8435453723648045,1,1,2180.496673508338,1701,11.613404119000052
522,edge,178929.48163952312,191.98029748036717,1427.5828131603707,2316.724231715207,1170.487681684095,9.731343997313816,1,1,2314.4514066368984,1496,11.010016557999961
523,edge,171347.84547244848,151.1961687788906,1287.5298098758994,2521.772886412453,nan,0.0,0,0,2.0,2012,1.8600502329998108
524,edge,177497.2661096679,173.725902717459,1517.2116572445648,2994.536158395053,1850.246797439451,7.245571951355346,1,1,2991.5618073041337,2145,14.511154454000007
525,edge,172671.35131293916,107.67722067072195,1374.624512094921,2570.1090117808435,nan,0.0,0,0,2.0,2012,1.9853700670000762
526,edge,176894.9288202315,93.88271446957292,1486.0241856396747,2037.0736668655918,1260.6321341944367,7.597766381175142,1,1,2035.0654236356727,1557,10.37395466099997
527,edge,184515.1065630613,135.23423738256128,1962.4899668205385,2485.77864148489,1440.271367960959,8.215277211730918,1,1,2483.298399496926,1742,12.151989265000111
528,edge,174334.85367235128,115.78046591837482,1400.145528467998,2406.279433403626,1709.6411045211423,5.931393646251693,1,1,2403.8916725609693,1993,13.344737365000128
529,edge,171224.26218893004,65.10342927295842,1021.8724136143016,2751.182878332933,1593.7936649279277,8.847176562052255,1,1,2748.4739991482156,1896,13.265089993999936
530,edge,177900.17993737865,121.32475312242025,1653.7727329634226,2959.7800008718164,nan,0.0,0,0,2.0,2012,1.889269221000177
531,edge,187171.61199478366,27.33983202716555,1911.1595364249833,2283.779147442618,1067.1677753196016,13.56905270004727,1,1,2281.5190628692562,1409,10.52634698299994
532,edge,181581.89951051207,102.0627417496366,1771.1123114996583,2546.6707863462484,1502.5271762517584,8.24450051988549,1,1,2544.1541052381494,1798,12.874132928000108
533,edge,172480.7540299446,61.35534119933399,1138.1120284777523,2949.1244655118808,1767.2449836198762,8.494489214377257,1,1,2946.1974304736077,2055,14.195396913000195
534,edge,173241.91856275933,111.96411159981876,1173.4780569058566,2142.097736645186,1244.430716561762,8.28172967072407,1,1,2139.9719256549206,1552,10.958269655000095
535,edge,183715.63364083436,178.89717457297002,1746.3737337086382,2465.7398557653432,1228.4091168387204,10.076315516449752,1,1,2463.2861384558905,1552,11.384315397999899
536,edge,182992.10681965944,195.9434770930627,1864.8998501565197,2346.6002607411815,1372.209615228383,7.701703366093236,1,1,2344.2774897167283,1681,12.296839171999864
537,edge,185001.23924837034,54.328409820698475,1885.8078876173568,2271.8750530786133,1176.9129322130314,10.800199816029037,1,1,2269.631665337176,1482,10.077718341000036
538,edge,177102.9733318197,125.05674823417326,1464.7471962227937,2001.3433676317015,1185.246173388785,7.904355238442963,1,1,1999.37390673593,1496,10.599131522000107
539,edge,182010.5708230282,29.571756924123356,1841.6678545959676,2090.0051788122246,1284.8675600121178,8.525909420458389,1,1,2087.9439181839175,1598,11.697521368000025
